Workbook

Sheet Source
A1: Number | B1: Letter | D1: السنة الحالية | E1: السنة الجديدة
A2: 1 | B2: A_ | D2: الاول الابتدائي | E2: الثاني الابتدائي
A3: =A2+1 -> 2 | B3: B_ | D3: الثاني الابتدائي | E3: الثالث الابتدائي
A4: =A3+1 -> 3 | B4: C_ | D4: الثالث الابتدائي | E4: الرابع الابتدائي
A5: =A4+1 -> 4 | B5: D_ | D5: الرابع الابتدائي | E5: الخامس الابتدائي
A6: =A5+1 -> 5 | B6: E_ | D6: الخامس الابتدائي | E6: السادس الابتدائي
A7: =A6+1 -> 6 | B7: F_ | D7: السادس الابتدائي | E7: الاول الاعدادي
A8: =A7+1 -> 7 | B8: G_ | D8: الاول الاعدادي | E8: الثاني الاعدادي
A9: =A8+1 -> 8 | B9: H_ | D9: الثاني الاعدادي | E9: الثالث الاعدادي
A10: =A9+1 -> 9 | B10: I_ | D10: الثالث الاعدادي | E10: الأول الثانوي
A11: =A10+1 -> 10 | B11: J_ | D11: الأول الثانوي | E11: الثاني الثانوي
A12: =A11+1 -> 11 | B12: K_ | D12: الثاني الثانوي | E12: الثالث الثانوي
A13: =A12+1 -> 12 | B13: L_ | D13: الثالث الثانوي | E13: خاريجات
A14: =A13+1 -> 13 | B14: M_ | D14: خاريجات | E14: خاريجات
A15: =A14+1 -> 14 | B15: N_
A16: =A15+1 -> 15 | B16: O_
A17: =A16+1 -> 16 | B17: P_
A18: =A17+1 -> 17 | B18: Q_
A19: =A18+1 -> 18 | B19: R_
A20: =A19+1 -> 19 | B20: S_
A21: =A20+1 -> 20 | B21: T_
A22: =A21+1 -> 21 | B22: U_
A23: =A22+1 -> 22 | B23: V_
A24: =A23+1 -> 23 | B24: W_
A25: =A24+1 -> 24 | B25: X_
A26: =A25+1 -> 25 | B26: Y_
A27: =A26+1 -> 26 | B27: Z_

Sheet Database
A1: Timestamp | B1: Email Address | C1: Code | D1: اسم الطالبة رباعيًا | E1: اسم الطالبة باللغة الانجليزية | F1: الفصل | G1: تـاريخ الميلاد | H1: وظيفـة الأب | I1: وظيفــة الأم | J1: موبـايل الأب | K1: موبـايل الأم | L1: العنوان بالتفصيل | M1: التنويه لوجود أى حالة مرضية | N1: المواهب و المهارات | O1: الرقم القومي | P1: Column1 | R1: s | XFC1: Letter | XFD1: Number
A2: 45703.506 | B2: nerminsayed450@gmail.com | C2: =_xlfn.CONCAT(XFC2:XFD2) -> A_250001 | D2: هيڤين ياسر السيد قطب | E2: Heaven Yasser El Sayed Kotb | F2: السادس الابتدائي | G2: 41667 | H2: محاسب | I2: مدرسة | J2: 01032677148 | K2: 01014306267 | L2: العبور الحي التاسع شارع عبد العزيز الشوان متفرع من شارع الجامعة بلوك 82 عمارة 5 الدور التالت شقة 8 | M2: لا يوجد | N2: الرسم ولعب الباسكت | R2: =VLOOKUP(DataBase[[#This Row],[الفصل]],المرحلة_الدراسية[],2,0) -> الاول الاعدادي | XFC2: =VLOOKUP(COUNTIF($XFD$2:XFD2,250001),Table3[],2,0) -> A_ | XFD2: 250001
A3: 45703.51 | B3: rehammagdy214@gmail.com | C3: =_xlfn.CONCAT(XFC3:XFD3) -> A_250002 | D3: ترينتى رجائى نسيم ملك | E3: Trinity Ragaay Nessim malak | F3: السادس الابتدائي | G3: 41641 | H3: محامي | I3: محامية | J3: 01225970823 | K3: 01272995022 | L3: دار مصر المرحله التانيه الحى التاسع العبور | M3: حساسية صدر | N3: التمثيل.. كورال... رسم..تفصيل... اعمال فنيه | O3: 31401020100705 | R3: =VLOOKUP(DataBase[[#This Row],[الفصل]],المرحلة_الدراسية[],2,0) -> الاول الاعدادي | XFC3: =VLOOKUP(COUNTIF($XFD$2:XFD3,250001),Table3[],2,0) -> A_ | XFD3: =IF(XFD2+1=260000,250001,XFD2+1) -> 250002
A4: 45703.511 | B4: marymelek777@gmail.com | C4: =_xlfn.CONCAT(XFC4:XFD4) -> A_250003 | D4: مارينا ملك بخيت ملك | E4: Marina Melek Bekhit Melek | F4: الثاني الاعدادي | G4: 40977 | H4: محاسب شركة انسيا | I4: طبيبة بيطرية | J4: 01223366700 | K4: 01205080177 | L4: 24جولدن هاوس المستثمر الصغير خلف القديس يوسف | M4: لا يوجد | N4: القيادة والصوت الجميل | O4: 31203092501686 | R4: =VLOOKUP(DataBase[[#This Row],[الفصل]],المرحلة_الدراسية[],2,0) -> الثالث الاعدادي | XFC4: =VLOOKUP(COUNTIF($XFD$2:XFD4,250001),Table3[],2,0) -> A_ | XFD4: =IF(XFD3+1=260000,250001,XFD3+1) -> 250003
A5: 45703.512 | B5: marinajunier89@gmail.com | C5: =_xlfn.CONCAT(XFC5:XFD5) -> A_250004 | D5: جونير بيشوى ظريف | E5: Junier Beshoy Zarif | F5: السادس الابتدائي | G5: 41849 | H5: صاحب شركه موازين | I5: Sales international at spicekingdom | J5: 01254333987 | K5: 01277035552 | L5: العبور الحى التانى فيلا ٨٤ أمام المرور | M5: لا يوجد | N5: تمثيل و التلوين | R5: =VLOOKUP(DataBase[[#This Row],[الفصل]],المرحلة_الدراسية[],2,0) -> الاول الاعدادي | XFC5: =VLOOKUP(COUNTIF($XFD$2:XFD5,250001),Table3[],2,0) -> A_ | XFD5: =IF(XFD4+1=260000,250001,XFD4+1) -> 250004
A6: 45703.515 | B6: aivywael630@gmail.com | C6: =_xlfn.CONCAT(XFC6:XFD6) -> A_250005 | D6: ايڤى وائل موريس ابادير | E6: Aivy wael Morris abadeer | F6: السادس الابتدائي | G6: 41886 | H6: مدير فى شركة الميرى للأدوية | I6: محاسبة بالشركة المصرية للإتصالات | J6: 01221212417 | K6: 01552204480 | L6: ٢٠ ش عمار بن ياسر خلف المرور مدينة السلام | M6: لا يوجد | N6: الرسم | O6: 31409040104848 | R6: =VLOOKUP(DataBase[[#This Row],[الفصل]],المرحلة_الدراسية[],2,0) -> الاول الاعدادي | XFC6: =VLOOKUP(COUNTIF($XFD$2:XFD6,250001),Table3[],2,0) -> A_ | XFD6: =IF(XFD5+1=260000,250001,XFD5+1) -> 250005
A7: 45703.518 | B7: marwaalshall2@gmail.com | C7: =_xlfn.CONCAT(XFC7:XFD7) -> A_250006 | D7: ملك أشرف حامد الكيلاني | E7: Malak Ashraf Hamed Elkelany | F7: الاول الاعدادي | G7: 41228 | H7: محاسب بشركه شمال القاهره للكهرباء | I7: أخصائي تحاليل طبيه بمعامل البرج | J7: 01006044211 | K7: 01225643326 | L7: العبور الحي الثاني محليه 34 شارع 16 قطعه 79 | M7: نزيف من الانف | N7: قراءه برمجه | O7: 31211150101122 | R7: =VLOOKUP(DataBase[[#This Row],[الفصل]],المرحلة_الدراسية[],2,0) -> الثاني الاعدادي | XFC7: =VLOOKUP(COUNTIF($XFD$2:XFD7,250001),Table3[],2,0) -> A_ | XFD7: =IF(XFD6+1=260000,250001,XFD6+1) -> 250006
A8: 45703.522 | B8: marmartony2014@gmail.com | C8: =_xlfn.CONCAT(XFC8:XFD8) -> A_250007 | D8: ايرينى مجدى شوقى انطون | E8: Eriny Magdy shawky anton | F8: السادس الابتدائي | G8: 41852 | H8: صاحب محل موبايلات | I8: ربه منزل | J8: 01050006424 | K8: 01275561556 | L8: 78 شارع الجامع قباء جسر السويس | M8: لا يوجد | N8: التمثيل | R8: =VLOOKUP(DataBase[[#This Row],[الفصل]],المرحلة_الدراسية[],2,0) -> الاول الاعدادي | XFC8: =VLOOKUP(COUNTIF($XFD$2:XFD8,250001),Table3[],2,0) -> A_ | XFD8: =IF(XFD7+1=260000,250001,XFD7+1) -> 250007
A9: 45703.53 | B9: hova.george2014@gmail.com | C9: =_xlfn.CONCAT(XFC9:XFD9) -> A_250008 | D9: هيفين جورج حنا سليمان | E9: Heaven George | F9: السادس الابتدائي | G9: 41905 | H9: محاسب | I9: ادارية في شركة طيران | J9: 01225228920 | K9: 01227774987 | L9: 59 تعاونيات شيراتون الدور ال3شقة 11 | M9: لا | N9: الجمباز و الرسم | O9: 31409230100644 | R9: =VLOOKUP(DataBase[[#This Row],[الفصل]],المرحلة_الدراسية[],2,0) -> الاول الاعدادي | XFC9: =VLOOKUP(COUNTIF($XFD$2:XFD9,250001),Table3[],2,0) -> A_ | XFD9: =IF(XFD8+1=260000,250001,XFD8+1) -> 250008
A10: 45703.532 | B10: nadia7.2014@gmail.com | C10: =_xlfn.CONCAT(XFC10:XFD10) -> A_250009 | D10: ناديا احمد وجدي السنوسي | E10: Nadeia Ahmed Wagdy Elsnosy | F10: الاول الاعدادي | G10: 41470 | H10: مدير فرع الشركة الاماراتيه للتامين | I10: مهندسة معماريه | J10: 01090999350 | K10: 01022833025 | L10: شارع 50 الحي الاول عمارة 2 مدينة العبور | M10: لا يوجد | N10: سباحه وتلوين | O10: 31307150104102 | R10: =VLOOKUP(DataBase[[#This Row],[الفصل]],المرحلة_الدراسية[],2,0) -> الثاني الاعدادي | XFC10: =VLOOKUP(COUNTIF($XFD$2:XFD10,250001),Table3[],2,0) -> A_ | XFD10: =IF(XFD9+1=260000,250001,XFD9+1) -> 250009
A11: 45703.533 | B11: marinamelek4@gmail.com | C11: =_xlfn.CONCAT(XFC11:XFD11) -> A_250010 | D11: مهرائيل ملك بخيت ملك | E11: Mehrail Melek Bekhit Melek | F11: السادس الابتدائي | G11: 41679 | H11: محاسب في شركة انسيا | I11: طبيبة بيطرية | J11: 01223366700 | K11: 01205080177 | L11: 24جولدن هاوس المستثمر الصغير خلف القديس يوسف العبور | M11: لا يوجد | N11: الصوت الجميل والقيادة | O11: 31402092501964 | R11: =VLOOKUP(DataBase[[#This Row],[الفصل]],المرحلة_الدراسية[],2,0) -> الاول الاعدادي | XFC11: =VLOOKUP(COUNTIF($XFD$2:XFD11,250001),Table3[],2,0) -> A_ | XFD11: =IF(XFD10+1=260000,250001,XFD10+1) -> 250010
A12: 45703.536 | B12: marselle.zarif@saint-joseph-school.com | C12: =_xlfn.CONCAT(XFC12:XFD12) -> A_250011 | D12: بيرلا الهامي بخيت فكري | E12: Perla Elhamy Bekhet Fekry | F12: السادس الابتدائي | G12: 41781 | H12: صاحب مطعم | I12: مدرسة | J12: 01202069472 | K12: 01203187262 | L12: 198شارع 31 الشباب مدينه العبور | M12: لا بوجد | N12: الرسم | O12: 31405220100608 | R12: =VLOOKUP(DataBase[[#This Row],[الفصل]],المرحلة_الدراسية[],2,0) -> الاول الاعدادي | XFC12: =VLOOKUP(COUNTIF($XFD$2:XFD12,250001),Table3[],2,0) -> A_ | XFD12: =IF(XFD11+1=260000,250001,XFD11+1) -> 250011
A13: 45705.835 | B13: chantal.shenouda.zarif.riad@saint-joseph-school.com | C13: =_xlfn.CONCAT(XFC13:XFD13) -> A_250012 | D13: شانتال شنودة ظريف رياض | E13: Chantal shenouda zarif riad | F13: السادس الابتدائي | G13: 41591 | H13: مدير مبيعات مصنع كيروماربل للرخام والجرانيت | I13: طبيبة بيطرية واخصائى تحاليل طبية | J13: 01275155297 | K13: 01279000095 | L13: العبور الحى التالت بلوك ٢٨٠٣٣ عمارة ١٥ شارع محمد وحيد عبد الخالق الدور الاخير | M13: لا يوجد | N13: باسكت وسباحة وبيانو | O13: 31311130102186 | R13: =VLOOKUP(DataBase[[#This Row],[الفصل]],المرحلة_الدراسية[],2,0) -> الاول الاعدادي | XFC13: =VLOOKUP(COUNTIF($XFD$2:XFD13,250001),Table3[],2,0) -> A_ | XFD13: =IF(XFD12+1=260000,250001,XFD12+1) -> 250012
A14: 45703.538 | B14: rashajojo101@gmail.com | C14: =_xlfn.CONCAT(XFC14:XFD14) -> A_250013 | D14: جولى جورج عوض جرجس | E14: Julie George Awad Gergis | F14: الخامس الابتدائي | G14: 42031 | H14: مرشد سياحى | I14: دكتورة بكلية الآثار جامعة عين شمس | J14: 01278297133 | K14: 01289874445 | L14: العبور الحى الاول محلية ٦ | M14: لا يوجد | N14: الجمباز والتمثيل والاشغال اليدوية والغناء | O14: 31501270106763 | R14: =VLOOKUP(DataBase[[#This Row],[الفصل]],المرحلة_الدراسية[],2,0) -> السادس الابتدائي | XFC14: =VLOOKUP(COUNTIF($XFD$2:XFD14,250001),Table3[],2,0) -> A_ | XFD14: =IF(XFD13+1=260000,250001,XFD13+1) -> 250013
A15: 45703.539 | B15: kokeadel387@gmail.com | C15: =_xlfn.CONCAT(XFC15:XFD15) -> A_250014 | D15: نيللي شادي محمد | E15: Nelly shady mohamed | F15: الرابع الابتدائي | G15: 42382 | H15: اعمال حرة | I15: لا يوجد | J15: 01003666087 | K15: 01005202654 | L15: مدينة المستقبل امام اكوا بارك عمارة ٧٣٨ شقة ٢٤ | M15: لا يوجد | N15: رياضة الجمباز | O15: 31601130105728 | R15: =VLOOKUP(DataBase[[#This Row],[الفصل]],المرحلة_الدراسية[],2,0) -> الخامس الابتدائي | XFC15: =VLOOKUP(COUNTIF($XFD$2:XFD15,250001),Table3[],2,0) -> A_ | XFD15: =IF(XFD14+1=260000,250001,XFD14+1) -> 250014
A16: 45703.539 | B16: mosherasobhy@hotmail.com | C16: =_xlfn.CONCAT(XFC16:XFD16) -> A_250015 | D16: مريم وسام لويس شفيق | E16: Mariam wesam louis shafik | F16: الخامس الابتدائي | G16: 42129 | H16: The owner of Trianto holidays company | I16: Tourism manager at flamingo travel | J16: 01223620949 | K16: 01276758324 | L16: فيلا ٦٦ البنفسج ٤ التجمع الاول القاهرة الجديدة | M16: لا يوجد | N16: رسم - تلوين - أعمال فنية يدوية - كتابة القصص | O16: 31505052101282 | R16: =VLOOKUP(DataBase[[#This Row],[الفصل]],المرحلة_الدراسية[],2,0) -> السادس الابتدائي | XFC16: =VLOOKUP(COUNTIF($XFD$2:XFD16,250001),Table3[],2,0) -> A_ | XFD16: =IF(XFD15+1=260000,250001,XFD15+1) -> 250015
A17: 45703.539 | B17: bassantromany@gmail.com | C17: =_xlfn.CONCAT(XFC17:XFD17) -> A_250016 | D17: بريتي سامي أنور عدلي | E17: Pretty sami Anwar adly | F17: الثالث الابتدائي | G17: 42840 | H17: مهندس | I17: مدرسه | J17: 01288236660 | K17: 01227524446 | L17: الحي التاني العبور | M17: لا | N17: الرسم والتلوين | O17: 31704150103644 | R17: =VLOOKUP(DataBase[[#This Row],[الفصل]],المرحلة_الدراسية[],2,0) -> الرابع الابتدائي | XFC17: =VLOOKUP(COUNTIF($XFD$2:XFD17,250001),Table3[],2,0) -> A_ | XFD17: =IF(XFD16+1=260000,250001,XFD16+1) -> 250016
A18: 45703.539 | B18: ahmedsherif708@gmail.com | C18: =_xlfn.CONCAT(XFC18:XFD18) -> A_250017 | D18: جوزيدا أحمد محمد ابراهيم | E18: Gozida ahmed mohamed ibrahim | F18: الثالث الابتدائي | G18: 42685 | H18: Accountant | I18: Not working | J18: 01094676545 | K18: 01003606129 | L18: مدينه حتب اكتوبر طريق مصر الإسماعيلية شارع ١٦ لوك ٢٢ عماره ١١ | M18: لا يوجد | N18: الجمباز / الرسم | O18: 31611110107924 | R18: =VLOOKUP(DataBase[[#This Row],[الفصل]],المرحلة_الدراسية[],2,0) -> الرابع الابتدائي | XFC18: =VLOOKUP(COUNTIF($XFD$2:XFD18,250001),Table3[],2,0) -> A_ | XFD18: =IF(XFD17+1=260000,250001,XFD17+1) -> 250017
A19: 45703.539 | B19: lomena.hossam.rashad.gergs@saint-joseph-school.com | C19: =_xlfn.CONCAT(XFC19:XFD19) -> A_250018 | D19: لومينا حسام رشاد جرجس | E19: Lomena Hossam Rashad Gergs | F19: الثالث الابتدائي | G19: 42670 | H19: مهندس ميكانيكا سيارات حر | I19: ربه منزل | J19: 01026433446 | K19: 01023477168 | L19: الحي الثاني بجوار مدرسه ستان فورد الدوليه فيلا رقم 115 | M19: وجود حساسيه علي الصدر | N19: الرقص الغناء التمثيل المحاوره | O19: 28909013101101 | R19: =VLOOKUP(DataBase[[#This Row],[الفصل]],المرحلة_الدراسية[],2,0) -> الرابع الابتدائي | XFC19: =VLOOKUP(COUNTIF($XFD$2:XFD19,250001),Table3[],2,0) -> A_ | XFD19: =IF(XFD18+1=260000,250001,XFD18+1) -> 250018
A20: 45703.539 | B20: babyborn1982@gmail.com | C20: =_xlfn.CONCAT(XFC20:XFD20) -> A_250019 | D20: هولي رضا ناروز جرجس | E20: Holly reda narouz girges | F20: الرابع الابتدائي | G20: 46019 | H20: محاسب و رئيس قسم التخصيمات والشحن بشركه صناعه وسائل النقل | I20: باحثة شرطه بالاداره العامه لشرطه ميناء القاهره الجوي | J20: 01223912711 | K20: 01271066601 | L20: 34 شارع نورالدين الزيتون امام سنترال مصر الجديده | M20: لا يوجد | N20: جمباز و متوقف حاليا | O20: 31512280102929 | R20: =VLOOKUP(DataBase[[#This Row],[الفصل]],المرحلة_الدراسية[],2,0) -> الخامس الابتدائي | XFC20: =VLOOKUP(COUNTIF($XFD$2:XFD20,250001),Table3[],2,0) -> A_ | XFD20: =IF(XFD19+1=260000,250001,XFD19+1) -> 250019
... A29: 45703.544 | B29: mariam.mokhles89@gmail.com | C29: =_xlfn.CONCAT(XFC29:XFD29) -> A_250028 | D29: سيلينا جوزيف جمال أمين | E29: Celina Joseph gamal amen | F29: الثالث الابتدائي | G29: 42690 | H29: دكتور علاج طبيعى | I29: دكتورة علاج طبيعى | J29: 01228346734 | K29: 01287328606 | L29: مدينة المستقبل طريق مصر الإسماعيلية الصحراوى. قطاع اليو عمارة ٢٤ الدور الأول شقة ١٣ | M29: لا يوجد الحمد الله | N29: التلوين والرسم | O29: 31611160101048 | R29: =VLOOKUP(DataBase[[#This Row],[الفصل]],المرحلة_الدراسية[],2,0) -> الرابع الابتدائي | XFC29: =VLOOKUP(COUNTIF($XFD$2:XFD29,250001),Table3[],2,0) -> A_ | XFD29: =IF(XFD28+1=260000,250001,XFD28+1) -> 250028
A30: 45703.544 | B30: basmarefaat305@gmail.com | C30: =_xlfn.CONCAT(XFC30:XFD30) -> A_250029 | D30: فريدة محمد القصبي | E30: Farida Mohamed Qasby | F30: الثالث الابتدائي | G30: 42923 | H30: ظابط | I30: دكتورة | J30: 01010105752 | K30: 01029755557 | L30: مدينة مستقبل الهابكستب عمارة ٤٢٨ شقة ٦٢ | M30: لا يوجد | N30: اسكواش وسباحة ورسم | R30: =VLOOKUP(DataBase[[#This Row],[الفصل]],المرحلة_الدراسية[],2,0) -> الرابع الابتدائي | XFC30: =VLOOKUP(COUNTIF($XFD$2:XFD30,250001),Table3[],2,0) -> A_ | XFD30: =IF(XFD29+1=260000,250001,XFD29+1) -> 250029
A31: 45703.545 | B31: christinagamal367@gmail.com | C31: =_xlfn.CONCAT(XFC31:XFD31) -> A_250030 | D31: ماريتسيا سامح بطرس عبدالله | E31: Maritsia sameh botros Abdulla | F31: السادس الابتدائي | G31: 41579 | H31: مهندس | I31: مدرسه | J31: 01227656913 | K31: 01098550901 | L31: العبور الجديدة حى الكرامه ع 203 ش 11 | M31: لا يوجد | N31: رسم وعمل مجسمات اعمال فنيه ولعب كره السله | O31: 27808140101671 | R31: =VLOOKUP(DataBase[[#This Row],[الفصل]],المرحلة_الدراسية[],2,0) -> الاول الاعدادي | XFC31: =VLOOKUP(COUNTIF($XFD$2:XFD31,250001),Table3[],2,0) -> A_ | XFD31: =IF(XFD30+1=260000,250001,XFD30+1) -> 250030
A32: 45703.548 | B32: nabila.zaki77@gmail.com | C32: =_xlfn.CONCAT(XFC32:XFD32) -> A_250031 | D32: اسيل محمد مصطفى عبدالله | E32: Aseel Mohamed Mostafa Abdallh | F32: الخامس الابتدائي | G32: 41986 | H32: مدير قطاع فى شركه بترول بلاعيم | I32: مهندسه كهربا حاسبات | J32: 01226340090 | K32: 01065532002 | L32: العبور الحى الخامس بلوك 16039 شارع الفارابى فيلا 10 | M32: لا | N32: مسجله فى الاتحاد المصرى للسباحه و الاتحاد المصرى لكرة السله | R32: =VLOOKUP(DataBase[[#This Row],[الفصل]],المرحلة_الدراسية[],2,0) -> السادس الابتدائي | XFC32: =VLOOKUP(COUNTIF($XFD$2:XFD32,250001),Table3[],2,0) -> A_ | XFD32: =IF(XFD31+1=260000,250001,XFD31+1) -> 250031
A33: 45703.548 | B33: nedododo8@gmail.com | C33: =_xlfn.CONCAT(XFC33:XFD33) -> A_250032 | D33: جانسي نادر شكري جورجي | E33: Jancy Nader Shoukry Georgi | F33: الخامس الابتدائي | G33: 42175 | H33: صيدلي | I33: صيدلانية | J33: 01220831995 | K33: 01289808790 | L33: العبور الحي الثالث أمام نادي سيتي كلب | M33: لا | N33: الرسم و النشاطات الجماعية | O33: 31506200108387 | R33: =VLOOKUP(DataBase[[#This Row],[الفصل]],المرحلة_الدراسية[],2,0) -> السادس الابتدائي | XFC33: =VLOOKUP(COUNTIF($XFD$2:XFD33,250001),Table3[],2,0) -> A_ | XFD33: =IF(XFD32+1=260000,250001,XFD32+1) -> 250032
A34: 45703.551 | B34: nonnakartota@gmail.com | C34: =_xlfn.CONCAT(XFC34:XFD34) -> A_250033 | D34: تريفينا فرج ابراهيم حنا | E34: Trevena farag Ibrahim hanaa | F34: الثالث الابتدائي | G34: 42831 | H34: مدير مبيعات | I34: ربه منزل | J34: 01271421330 | K34: 01206934470 | L34: ٧الفردوس الحرفيين جسر السويس | M34: لا | N34: الرسم | O34: 28611232403475 | R34: =VLOOKUP(DataBase[[#This Row],[الفصل]],المرحلة_الدراسية[],2,0) -> الرابع الابتدائي | XFC34: =VLOOKUP(COUNTIF($XFD$2:XFD34,250001),Table3[],2,0) -> A_ | XFD34: =IF(XFD33+1=260000,250001,XFD33+1) -> 250033
A35: 45703.554 | B35: sohakamel5566@gmail.com | C35: =_xlfn.CONCAT(XFC35:XFD35) -> A_250034 | D35: فريدة نورالدين صلاح الغريب | E35: Farida Nour-Eldein Salah Algharib | F35: الرابع الابتدائي | G35: 42370 | H35: مدير عام ادارة حسابات شركة الأمل للبترول | I35: ربة منزل | J35: 01227512000 | K35: 01200095393 | L35: خلف مدرسة القديس يوسف عمارة 24 شقة 1 | M35: لا يوجد | N35: الفروسية والتلوين | O35: 21601011515284 | R35: =VLOOKUP(DataBase[[#This Row],[الفصل]],المرحلة_الدراسية[],2,0) -> الخامس الابتدائي | XFC35: =VLOOKUP(COUNTIF($XFD$2:XFD35,250001),Table3[],2,0) -> A_ | XFD35: =IF(XFD34+1=260000,250001,XFD34+1) -> 250034
A36: 45703.554 | B36: mira.m.mansour@gmail.com | C36: =_xlfn.CONCAT(XFC36:XFD36) -> A_250035 | D36: لورين خالد علي علي | E36: Lauren khaled ali ali | F36: الرابع الابتدائي | G36: 42350 | H36: لواء شرطه | I36: استشاري في الاتفاقيات التجاري الدوليه بالهيئة العامة للرقابه علي الصادرات | J36: '01090902818 | K36: 01282633328 | L36: مدينه العبور الحى السابع شارع الشهيد بدر رخا مربع 15035 فيلا 14 | M36: لا يوجد | N36: رياضيه جدا | O36: 31512120111921 | R36: =VLOOKUP(DataBase[[#This Row],[الفصل]],المرحلة_الدراسية[],2,0) -> الخامس الابتدائي | XFC36: =VLOOKUP(COUNTIF($XFD$2:XFD36,250001),Table3[],2,0) -> A_ | XFD36: =IF(XFD35+1=260000,250001,XFD35+1) -> 250035
A37: 45703.555 | B37: marim.shehata1990@gmail.com | C37: =_xlfn.CONCAT(XFC37:XFD37) -> A_250036 | D37: كارلا ناروز موريس | E37: Carla narouz mories | F37: الثالث الابتدائي | G37: 42963 | H37: صاحب شركه الترا للمقاولات | I37: معلمه | J37: 01280444102 | K37: 01285521965 | L37: كمبوند سكن مصر العبور الجديده عماره 16 | M37: لا | N37: التلوين ورياضه الجمباز والابتكار | O37: 31708160100401 | R37: =VLOOKUP(DataBase[[#This Row],[الفصل]],المرحلة_الدراسية[],2,0) -> الرابع الابتدائي | XFC37: =VLOOKUP(COUNTIF($XFD$2:XFD37,250001),Table3[],2,0) -> A_ | XFD37: =IF(XFD36+1=260000,250001,XFD36+1) -> 250036
A38: 45703.558 | B38: doaamosaadaboatallah42@gmail.com | C38: =_xlfn.CONCAT(XFC38:XFD38) -> A_250037 | D38: ريم ايهاب اسماعيل ممدوح | E38: Reem Ehab Ismail madouh | F38: الثالث الاعدادي | G38: 40606 | H38: محاسب | I38: محاسبه | J38: 01001390610 | K38: 01097908246 | L38: مدينه العبور الحي الثالث شارع الشهيد سعد عطا عماره رقم ١ علي اليمين الدور التاني شقه ٦ | M38: لايوجد | N38: التلوين | O38: 31103040100441 | R38: =VLOOKUP(DataBase[[#This Row],[الفصل]],المرحلة_الدراسية[],2,0) -> الأول الثانوي | XFC38: =VLOOKUP(COUNTIF($XFD$2:XFD38,250001),Table3[],2,0) -> A_ | XFD38: =IF(XFD37+1=260000,250001,XFD37+1) -> 250037
A39: 45703.558 | B39: mahamema649@gmail.com | C39: =_xlfn.CONCAT(XFC39:XFD39) -> A_250038 | D39: لارا محمود مصطفى احمد | E39: Lara Mahmoud mostafa ahmed | F39: الثالث الابتدائي | G39: 42758 | H39: ظابط شرطه | I39: لا تعمل | J39: 01221377617 | K39: 01123262231 | L39: العبور الحي السابع بلوك ١٥٠٩١ فيلا ١٣ بجوار مسجد الشيخ ايمن | M39: لا | N39: لا | O39: 31701230107021 | R39: =VLOOKUP(DataBase[[#This Row],[الفصل]],المرحلة_الدراسية[],2,0) -> الرابع الابتدائي | XFC39: =VLOOKUP(COUNTIF($XFD$2:XFD39,250001),Table3[],2,0) -> A_ | XFD39: =IF(XFD38+1=260000,250001,XFD38+1) -> 250038
A40: 45703.559 | B40: maggy.nabil87@gmail.com | C40: =_xlfn.CONCAT(XFC40:XFD40) -> A_250039 | D40: يوستينا جورج عادل ادوار | E40: Youstina George Adel Edwar | F40: الثالث الابتدائي | G40: 43002 | H40: محاسب | I40: طبيبة بيطريه | J40: 01005656568 | K40: 01225656567 | L40: بلوك ١٦٠٧٩ قطعه خامسه ، الحى الخامس ، العبور | M40: لا يوجد | N40: الاعمال اليدويه و الغناء بالكورال | O40: 31709240101464 | R40: =VLOOKUP(DataBase[[#This Row],[الفصل]],المرحلة_الدراسية[],2,0) -> الرابع الابتدائي | XFC40: =VLOOKUP(COUNTIF($XFD$2:XFD40,250001),Table3[],2,0) -> A_ | XFD40: =IF(XFD39+1=260000,250001,XFD39+1) -> 250039
A41: 45703.559 | B41: ashraf_ashi@hotmail.com | C41: =_xlfn.CONCAT(XFC41:XFD41) -> A_250040 | D41: فريده اشرف حامد محمود الكيلاني | E41: Farida Ashraf Hamed Mahmoud El-kelany | F41: الرابع الابتدائي | G41: 42302 | H41: محاسب | I41: دكتور تحاليل | J41: 01006044211 | K41: 01069618951 | L41: مدينة العبور الحي التاني محلية ٣٤ ج شارع ١٦قطعه ٧٩ | M41: لايوجد | N41: الرسم | O41: 31510251400144 | R41: =VLOOKUP(DataBase[[#This Row],[الفصل]],المرحلة_الدراسية[],2,0) -> الخامس الابتدائي | XFC41: =VLOOKUP(COUNTIF($XFD$2:XFD41,250001),Table3[],2,0) -> A_ | XFD41: =IF(XFD40+1=260000,250001,XFD40+1) -> 250040
A42: 45703.559 | B42: menna.magdy.87.83@gmail.com | C42: =_xlfn.CONCAT(XFC42:XFD42) -> A_250041 | D42: سدرة مصطفى أحمد الصاوي | E42: Sedra Mostafa Ahmed el Sawy | F42: الرابع الابتدائي | G42: 42406 | H42: رئيس نيابة إدارية | I42: ربة منزل | J42: 01113467895 | K42: 01111656908 | L42: العبور الحى التاسع كمبوند دار مصر المرحله الثانيه عماره ٤٥ الدور الأرضى شقه ٢ | M42: لا يوجد | N42: الرسم التمثيل الأعمال اليدوية ممارسه رياضه الجمباز الإيقاعي | O42: 31602060102048 | R42: =VLOOKUP(DataBase[[#This Row],[الفصل]],المرحلة_الدراسية[],2,0) -> الخامس الابتدائي | XFC42: =VLOOKUP(COUNTIF($XFD$2:XFD42,250001),Table3[],2,0) -> A_ | XFD42: =IF(XFD41+1=260000,250001,XFD41+1) -> 250041
A43: 45703.563 | B43: dalashker82@gmail.com | C43: =_xlfn.CONCAT(XFC43:XFD43) -> A_250042 | D43: تاليه عماد صابر الشامي | E43: Talia emad saber elshamy | F43: الخامس الابتدائي | G43: 38268 | H43: ضابط يالقوات الجويه | I43: مديرة مرحله في مدرسه مودرن افينيو | J43: 01006069764 | K43: 01003500659 | L43: مدينه العبور الحي التاسع شارع سليمان نجيب ١٨٠٢٢ قطعه ٨ الدور الارضي | M43: لا يوجد | N43: الرسم | R43: =VLOOKUP(DataBase[[#This Row],[الفصل]],المرحلة_الدراسية[],2,0) -> السادس الابتدائي | XFC43: =VLOOKUP(COUNTIF($XFD$2:XFD43,250001),Table3[],2,0) -> A_ | XFD43: =IF(XFD42+1=260000,250001,XFD42+1) -> 250042
A44: 45703.564 | B44: kokomamy2008@gmail.com | C44: =_xlfn.CONCAT(XFC44:XFD44) -> A_250043 | D44: مابيل صموئيل بشري أيوب | E44: Mabelle Samuel Boshra Ayoub | F44: الرابع الابتدائي | G44: 42318 | H44: IT manager at EKB brokerage company | I44: Sales manager at delta life Assurance | J44: 01201440143 | K44: 01006887696 | L44: ڤيلا 6 مربع 15043 شارع حسن مأمون الحي السابع مدينة العبور | M44: لا يوجد | N44: الرسم والأعمال الفنية | O44: 31511100100625 | R44: =VLOOKUP(DataBase[[#This Row],[الفصل]],المرحلة_الدراسية[],2,0) -> الخامس الابتدائي | XFC44: =VLOOKUP(COUNTIF($XFD$2:XFD44,250001),Table3[],2,0) -> A_ | XFD44: =IF(XFD43+1=260000,250001,XFD43+1) -> 250043
A45: 45703.565 | B45: hedy.karim.essam.mohamed@saint-joseph-school.com | C45: =_xlfn.CONCAT(XFC45:XFD45) -> A_250044 | D45: هيدي كريم عصام محمد | E45: Hedy Karim Essam Mohammed | F45: الرابع الابتدائي | G45: 42414 | H45: Broker in Egyptian stock | I45: Housewife | J45: 01120055522 | K45: 01102118835 | L45: 18045 villa 14 Zakria ahmed st, 9th district, obour city | M45: No | N45: الرياضه ، حب التنسيق بين الالوان ودمجها، قراءه القصص بالانجلش والعربي | O45: 31602140108985 | R45: =VLOOKUP(DataBase[[#This Row],[الفصل]],المرحلة_الدراسية[],2,0) -> الخامس الابتدائي | XFC45: =VLOOKUP(COUNTIF($XFD$2:XFD45,250001),Table3[],2,0) -> A_ | XFD45: =IF(XFD44+1=260000,250001,XFD44+1) -> 250044
A46: 45703.566 | B46: marinamagdi26@gmail.com | C46: =_xlfn.CONCAT(XFC46:XFD46) -> A_250045 | D46: ميراي بيتر نبيل ثابت | E46: Meraie Peter Nabil Thabet | F46: الرابع الابتدائي | G46: 42533 | H46: Business man | I46: House wife | J46: 01220222288 | K46: 01008499460 | L46: 12 سكن مصر العبور الجديده شقة 15 | M46: لايوجد | N46: الرسم ، التلوين ،الموسيقي، التنس ،السباحة | O46: 31606120105608 | R46: =VLOOKUP(DataBase[[#This Row],[الفصل]],المرحلة_الدراسية[],2,0) -> الخامس الابتدائي | XFC46: =VLOOKUP(COUNTIF($XFD$2:XFD46,250001),Table3[],2,0) -> A_ | XFD46: =IF(XFD45+1=260000,250001,XFD45+1) -> 250045
A47: 45703.568 | B47: dina.asp.portal@gmail.com | C47: =_xlfn.CONCAT(XFC47:XFD47) -> A_250046 | D47: جودي محمد طلعت | E47: Jodie mohamed talaat | F47: الثاني الاعدادي | G47: 40986 | H47: مهندس | I47: مهندسة | J47: 01000072045 | K47: 01281230030 | L47: مدينه العبور الحي السادس بلوك 14049 فيلا 17 | M47: لا يوجد | N47: كرة باسكت و برمجة | O47: 31203180101124 | R47: =VLOOKUP(DataBase[[#This Row],[الفصل]],المرحلة_الدراسية[],2,0) -> الثالث الاعدادي | XFC47: =VLOOKUP(COUNTIF($XFD$2:XFD47,250001),Table3[],2,0) -> A_ | XFD47: =IF(XFD46+1=260000,250001,XFD46+1) -> 250046
A48: 45703.57 | B48: mohamadtalaat@gmail.com | C48: =_xlfn.CONCAT(XFC48:XFD48) -> A_250047 | D48: مريم محمد طلعت | E48: Mariam mohamed Talaat | F48: الخامس الابتدائي | G48: 41998 | H48: مهندس | I48: مهندسة | J48: 01000072045 | K48: 01281230030 | L48: مدينه العبور الحي السادس بلوك ١٤٠٤٩ فيلا ١٧ | M48: لا يوجد | N48: باليه و رسم | O48: 31412250103942 | R48: =VLOOKUP(DataBase[[#This Row],[الفصل]],المرحلة_الدراسية[],2,0) -> السادس الابتدائي | XFC48: =VLOOKUP(COUNTIF($XFD$2:XFD48,250001),Table3[],2,0) -> A_ | XFD48: =IF(XFD47+1=260000,250001,XFD47+1) -> 250047
A49: 45703.571 | B49: laila.ehab.kamel.ameen@saint-joseph-school.com | C49: =_xlfn.CONCAT(XFC49:XFD49) -> A_250048 | D49: ليلي ايهاب كامل امين | E49: Laila Ehab kamel amin | F49: الخامس الابتدائي | G49: 42268 | H49: مدير في قناة cbc | I49: عضو مجلس نواب | J49: 01118884006 | K49: 01061992551 | L49: مدينة العبور الحي السادس شارع محمد حامد الشريف بلوك ١٤٠٠٢ فيلا ٥ | M49: لا يوجد | N49: الرسم / السباحة / الباليه | O49: 31509212105625 | R49: =VLOOKUP(DataBase[[#This Row],[الفصل]],المرحلة_الدراسية[],2,0) -> السادس الابتدائي | XFC49: =VLOOKUP(COUNTIF($XFD$2:XFD49,250001),Table3[],2,0) -> A_ | XFD49: =IF(XFD48+1=260000,250001,XFD48+1) -> 250048
A50: 45703.574 | B50: nancy4maher86@gmail.com | C50: =_xlfn.CONCAT(XFC50:XFD50) -> A_250049 | D50: هيفين ماهر عادل عدلي | E50: Heaven Maher Adel Adly | F50: الثالث الابتدائي | G50: 42770 | H50: طبيب عظام | I50: اخصائيه اجتماعيه في التربيه والتعليم | J50: 01273248528 | K50: 01275810960 | L50: كمبوند دار مصر مرحله اولي عماره ٢٦ شقه ٢٤ موقع ١ العبور | M50: لا يوجد | N50: الرسم | O50: 31702040101406 | R50: =VLOOKUP(DataBase[[#This Row],[الفصل]],المرحلة_الدراسية[],2,0) -> الرابع الابتدائي | XFC50: =VLOOKUP(COUNTIF($XFD$2:XFD50,250001),Table3[],2,0) -> A_ | XFD50: =IF(XFD49+1=260000,250001,XFD49+1) -> 250049
A51: 45703.579 | B51: elshaimaamagdy@gmail.com | C51: =_xlfn.CONCAT(XFC51:XFD51) -> A_250050 | D51: چوري خالد عبد الفضيل محمود | E51: Joury Khaled Abd El-Fadeel Mahmoud | F51: الخامس الابتدائي | G51: 42019 | H51: مدير مالي لدي مصنع الشروق للبلاستيك | I51: لا تعمل | J51: 01009267070 | K51: 01009276060 | L51: شارع 50 اسكان الشباب 100 متر عمارة 385 الدور 4 شقة 7 مدينة العبور | M51: حساسية جيوب انفية | N51: تجيد الرسم والرقص و الالقاء | O51: 31501150101929 | R51: =VLOOKUP(DataBase[[#This Row],[الفصل]],المرحلة_الدراسية[],2,0) -> السادس الابتدائي | XFC51: =VLOOKUP(COUNTIF($XFD$2:XFD51,250001),Table3[],2,0) -> A_ | XFD51: =IF(XFD50+1=260000,250001,XFD50+1) -> 250050
A52: 45703.58 | B52: diana.melad88@gmail.com | C52: =_xlfn.CONCAT(XFC52:XFD52) -> A_250051 | D52: جاسنتا باسم منير | E52: Jacenta Bassem Mounir Shenouda | F52: الخامس الابتدائي | G52: 41961 | H52: Account manager | I52: ENGINEER | J52: 01004010309 | K52: 01094683336 | L52: المستثمر الصغير خلف مدرسة القديس يوسف عمارة ١١ شقة ٧ | M52: No | N52: Hand craft, drawing and acting | R52: =VLOOKUP(DataBase[[#This Row],[الفصل]],المرحلة_الدراسية[],2,0) -> السادس الابتدائي | XFC52: =VLOOKUP(COUNTIF($XFD$2:XFD52,250001),Table3[],2,0) -> A_ | XFD52: =IF(XFD51+1=260000,250001,XFD51+1) -> 250051
A53: 45703.582 | B53: menna.joo@gmail.com | C53: =_xlfn.CONCAT(XFC53:XFD53) -> A_250052 | D53: ليلى كريم محمد يوسف | E53: Layla karim mohmed yousif | F53: الرابع الابتدائي | G53: 42406 | H53: Area manager at oriantel weavers | I53: Sales | J53: 01001667803 | K53: 01064940544 | L53: نزهه العبور الحى التامن مدينه العبور مربع ٨٠١٤ عماره البسمله | M53: لا يوجد | N53: Skating&design | O53: 31602060106442 | R53: =VLOOKUP(DataBase[[#This Row],[الفصل]],المرحلة_الدراسية[],2,0) -> الخامس الابتدائي | XFC53: =VLOOKUP(COUNTIF($XFD$2:XFD53,250001),Table3[],2,0) -> A_ | XFD53: =IF(XFD52+1=260000,250001,XFD52+1) -> 250052
A54: 45703.583 | B54: sameh.rozan81@gmail.com | C54: =_xlfn.CONCAT(XFC54:XFD54) -> A_250053 | D54: روزان سامح يوسف محمود يوسف | E54: Rozan sameh youssef mahmoud youssef | F54: الخامس الابتدائي | G54: 42012 | H54: financial Manager | I54: assistant lecture at Ain shams university | J54: 01001355892 | K54: 01061706032 | L54: محليه 34 الحي الثانى مدينه العبور امام سنترال العبور - عماره 107 | M54: لا | N54: الموسيقى والرسم والتلوين | O54: 31501081403721 | R54: =VLOOKUP(DataBase[[#This Row],[الفصل]],المرحلة_الدراسية[],2,0) -> السادس الابتدائي | XFC54: =VLOOKUP(COUNTIF($XFD$2:XFD54,250001),Table3[],2,0) -> A_ | XFD54: =IF(XFD53+1=260000,250001,XFD53+1) -> 250053
A55: 45703.583 | B55: youstenaadel2020@gmail.com | C55: =_xlfn.CONCAT(XFC55:XFD55) -> A_250054 | D55: لياندرا نبيل عريان فانوس | E55: Leandra Nabil Erian Fanous | F55: الرابع الابتدائي | G55: 42418 | H55: منسق موارد بشرية | I55: ربة منزل | J55: 01282332029 | K55: 01221063631 | L55: 2 شارع على الشيمى عزبة النخل | M55: لا توجد | N55: الغناء والتمثيل والرسم | O55: 31602180103765 | R55: =VLOOKUP(DataBase[[#This Row],[الفصل]],المرحلة_الدراسية[],2,0) -> الخامس الابتدائي | XFC55: =VLOOKUP(COUNTIF($XFD$2:XFD55,250001),Table3[],2,0) -> A_ | XFD55: =IF(XFD54+1=260000,250001,XFD54+1) -> 250054
A56: 45703.583 | B56: tahashawky101@gmail.com | C56: =_xlfn.CONCAT(XFC56:XFD56) -> A_250055 | D56: فيروز طه شوقي طه محمد | E56: Fayrouz taha shawky mohamed | F56: الثاني الاعدادي | G56: 45514 | H56: ضابط بالقوات المسلحة | I56: وزارة السياحة | J56: 01021061918 | K56: 01021061917 | L56: الشروق الحي التاسع مجاورة ٢ فيلا ١٠٨ | M56: لا | N56: القراءه | R56: =VLOOKUP(DataBase[[#This Row],[الفصل]],المرحلة_الدراسية[],2,0) -> الثالث الاعدادي | XFC56: =VLOOKUP(COUNTIF($XFD$2:XFD56,250001),Table3[],2,0) -> A_ | XFD56: =IF(XFD55+1=260000,250001,XFD55+1) -> 250055
A57: 45703.585 | B57: mennayasser.pharmacist@gmail.com | C57: =_xlfn.CONCAT(XFC57:XFD57) -> A_250056 | D57: ليلي محمد علاء محمد | E57: Laila Mohamed Alaa Mohamed | F57: الخامس الابتدائي | G57: 42482 | H57: صيدلي | I57: صيدلانية | J57: 01227928433 | K57: 01008876761 | L57: كمبوند جنة مصر - الحي الثاني - شارع احمد ابن طولون - مدينة العبور - عمارة ٨ شقة ٩ | M57: لا يوجد | N57: Drawing . Painting . Dancing. Swimming. | R57: =VLOOKUP(DataBase[[#This Row],[الفصل]],المرحلة_الدراسية[],2,0) -> السادس الابتدائي | XFC57: =VLOOKUP(COUNTIF($XFD$2:XFD57,250001),Table3[],2,0) -> A_ | XFD57: =IF(XFD56+1=260000,250001,XFD56+1) -> 250056
A58: 45703.587 | B58: 5727as@gmail.com | C58: =_xlfn.CONCAT(XFC58:XFD58) -> A_250057 | D58: دميانه مرقس عياد عدلي جرجس | E58: Demiana marcos ayad adly | F58: الرابع الابتدائي | G58: 42391 | H58: صاحب عياد للتوريدات | I58: لا | J58: 01206163247 | K58: 01206163248 | L58: ٩فاطمه الزهراء الاسكان العائلي الحي التاني العبور | M58: جيوب انفيه | N58: الرسم والتلوين الأعمال الفنيه | R58: =VLOOKUP(DataBase[[#This Row],[الفصل]],المرحلة_الدراسية[],2,0) -> الخامس الابتدائي | XFC58: =VLOOKUP(COUNTIF($XFD$2:XFD58,250001),Table3[],2,0) -> A_ | XFD58: =IF(XFD57+1=260000,250001,XFD57+1) -> 250057
A59: 45703.592 | B59: eng.maryam2011@gmail.com | C59: =_xlfn.CONCAT(XFC59:XFD59) -> A_250058 | D59: ميليندا منير ممتاز عزيز | E59: Melinda Mounir Momtaz Aziz | F59: الخامس الابتدائي | G59: 42162 | H59: مدير حسابات في شركة ترافكو للسياحة | I59: مهندسة | J59: 01229092478 | K59: 01287049828 | L59: زهراء مدينة نصر شارع العيادة عمارة ١٠٦٧ الدور الرابع | M59: لا يوجد | N59: السباحة والرسم والجمباز | O59: 31506070106948 | R59: =VLOOKUP(DataBase[[#This Row],[الفصل]],المرحلة_الدراسية[],2,0) -> السادس الابتدائي | XFC59: =VLOOKUP(COUNTIF($XFD$2:XFD59,250001),Table3[],2,0) -> A_ | XFD59: =IF(XFD58+1=260000,250001,XFD58+1) -> 250058
A60: 45703.593 | B60: marwaaboelez82@gmail.com | C60: =_xlfn.CONCAT(XFC60:XFD60) -> A_250059 | D60: نور محمود احمد الهادي | E60: Nour Mahmoued Ahmed alhady | F60: الخامس الابتدائي | G60: 41969 | H60: باحث وزاره الداخليه | I60: ماجستير في التربيه الخاصه | J60: 0‭01099737861‬ | K60: 01227895934 | L60: العبور الحي الاول محليه 6 شارع 20 قطعه 22 | M60: لا | N60: الرسم | R60: =VLOOKUP(DataBase[[#This Row],[الفصل]],المرحلة_الدراسية[],2,0) -> السادس الابتدائي | XFC60: =VLOOKUP(COUNTIF($XFD$2:XFD60,250001),Table3[],2,0) -> A_ | XFD60: =IF(XFD59+1=260000,250001,XFD59+1) -> 250059
A61: 45703.593 | B61: reemderbalah89@gmail.com | C61: =_xlfn.CONCAT(XFC61:XFD61) -> A_250060 | D61: مريم احمد عبد المرضي حسن احمد شادى | E61: Mariam Ahmed Abdelmordy Hassan Ahmed | F61: الرابع الابتدائي | G61: 42710 | H61: مقدم اركان حرب بالقوات المسلحة | I61: ربة منزل | J61: 01008278483 | K61: 01003327117 | L61: مدينة المستقبل للقوات المسلحة عمارة ٨٠٥ شقة ٢٢ على الشارع الرئيسي لل ٨٠٠ | M61: حساسية صدر | N61: الرسم والاوكروبات | O61: 31612060201289 | R61: =VLOOKUP(DataBase[[#This Row],[الفصل]],المرحلة_الدراسية[],2,0) -> الخامس الابتدائي | XFC61: =VLOOKUP(COUNTIF($XFD$2:XFD61,250001),Table3[],2,0) -> A_ | XFD61: =IF(XFD60+1=260000,250001,XFD60+1) -> 250060
A62: 45703.597 | B62: beshoymesad1@gmail.com | C62: =_xlfn.CONCAT(XFC62:XFD62) -> A_250061 | D62: بربتوا بشوي مسعد داوود | E62: Prepress Bishoy Mossad Dawood | F62: الاول الاعدادي | G62: 41273 | H62: مدير حسابات بشركه Mcv | I62: اخصائي تحاليل طبيه | J62: 01221853444 | K62: 01207753036 | L62: 2 ش الزيتون حدائق الزيتون | M62: لا يوجد | N62: الجمباز | O62: 31212300102269 | R62: =VLOOKUP(DataBase[[#This Row],[الفصل]],المرحلة_الدراسية[],2,0) -> الثاني الاعدادي | XFC62: =VLOOKUP(COUNTIF($XFD$2:XFD62,250001),Table3[],2,0) -> A_ | XFD62: =IF(XFD61+1=260000,250001,XFD61+1) -> 250061
A63: 45703.604 | B63: nohalenovo2017@gmail.com | C63: =_xlfn.CONCAT(XFC63:XFD63) -> A_250062 | D63: فريده حسام الدين صلاح عبدالعليم | E63: Farida hossam eldin salah abd elaleem | F63: الرابع الابتدائي | G63: 42333 | H63: متوفي | I63: مديرة تسويق | J63: 01141913535 | K63: 01006555870 | L63: فيلا ١٠ مربع ١٥٠٣٢ الحي السابع العبور خلف مدرسة الكونتننتال شارع اللواء منير شاش | M63: لا يوجد | N63: الرسم | R63: =VLOOKUP(DataBase[[#This Row],[الفصل]],المرحلة_الدراسية[],2,0) -> الخامس الابتدائي | XFC63: =VLOOKUP(COUNTIF($XFD$2:XFD63,250001),Table3[],2,0) -> A_ | XFD63: =IF(XFD62+1=260000,250001,XFD62+1) -> 250062
A64: 45706.64 | B64: kyan.kady44@gmail.com | C64: =_xlfn.CONCAT(XFC64:XFD64) -> A_250063 | D64: كادى إسلام محمود إبراهيم | E64: Kady Eslam Mahmoud Ibrahim | F64: الرابع الابتدائي | G64: 42404 | H64: مدير مبيعات | I64: HR | J64: 01288846421 | K64: 01008459031 | L64: اخر ش ابن سينا متفرع من جمال عبد الناصر جسر السويس القاهرة | M64: لا يوجد | N64: الرقص و الفناء | O64: 31602040102181 | R64: =VLOOKUP(DataBase[[#This Row],[الفصل]],المرحلة_الدراسية[],2,0) -> الخامس الابتدائي | XFC64: =VLOOKUP(COUNTIF($XFD$2:XFD64,250001),Table3[],2,0) -> A_ | XFD64: =IF(XFD63+1=260000,250001,XFD63+1) -> 250063
A65: 45703.619 | B65: nourans717@gmail.com | C65: =_xlfn.CONCAT(XFC65:XFD65) -> A_250064 | D65: ليان امير محمد عطيه | E65: Layan Amir Mohamed attia | F65: الثالث الابتدائي | G65: 42771 | H65: Owner of general supplies company | I65: QA manager at jedco international for pharmaceutical | J65: 01005453017 | K65: 01097761624 | L65: شارع الثقافة الحي التاسع العبور | M65: لا يوجد | N65: الرقص الغناء الرسم | O65: 31702050108085 | R65: =VLOOKUP(DataBase[[#This Row],[الفصل]],المرحلة_الدراسية[],2,0) -> الرابع الابتدائي | XFC65: =VLOOKUP(COUNTIF($XFD$2:XFD65,250001),Table3[],2,0) -> A_ | XFD65: =IF(XFD64+1=260000,250001,XFD64+1) -> 250064
A66: 45703.619 | B66: andromemo40@gmail.com | C66: =_xlfn.CONCAT(XFC66:XFD66) -> A_250065 | D66: جوليانا اندرو القس جبرائيل نبيل | E66: Juliana Andro Elkees Gabriel | F66: الثالث الابتدائي | G66: 42859 | H66: ادارة مخازن | I66: حاصلةعلي ليسانس السن الماني | J66: 01208259288 | K66: 01288857067 | L66: فيلا ٢ محلية ٣٤الحي الثاني العبور | M66: لا | N66: الرسم | O66: 28810292404171 | R66: =VLOOKUP(DataBase[[#This Row],[الفصل]],المرحلة_الدراسية[],2,0) -> الرابع الابتدائي | XFC66: =VLOOKUP(COUNTIF($XFD$2:XFD66,250001),Table3[],2,0) -> A_ | XFD66: =IF(XFD65+1=260000,250001,XFD65+1) -> 250065
A67: 45703.621 | B67: hudamahros35@gmail.com | C67: =_xlfn.CONCAT(XFC67:XFD67) -> A_250066 | D67: ليان احمد راضي عباس | E67: Layan ahmed rady abbas | F67: الرابع الابتدائي | G67: 42340 | H67: مدير شركه عقارات | I67: مصوره | J67: 01012001914 | K67: 01098476907 | L67: العبور الحي التاسع شارع الثقافه ميدان نور الهدي عماره ١٨ قطعه ١٨٠٧٠ الارضي شقه ٢ | M67: لا | N67: الرسم الباتيناج السباحه Diy crafts | R67: =VLOOKUP(DataBase[[#This Row],[الفصل]],المرحلة_الدراسية[],2,0) -> الخامس الابتدائي | XFC67: =VLOOKUP(COUNTIF($XFD$2:XFD67,250001),Table3[],2,0) -> A_ | XFD67: =IF(XFD66+1=260000,250001,XFD66+1) -> 250066
A68: 45703.623 | B68: sherry.gad.sg@gmail.com | C68: =_xlfn.CONCAT(XFC68:XFD68) -> A_250067 | D68: سلمى محمد مصطفى مهدى | E68: Salma Mohamed Mostafa Mahdy | F68: الثالث الابتدائي | G68: 42319 | H68: ضابط حركة وكالة | I68: مدرسة انجليش | J68: 01120767600 | K68: 01120767600 | L68: ٦ ش احمد عبد الله التجاريين ..امام مسجد الهدى والنور جسر السويس | M68: الام | N68: الرسم ..الرياضية .. التمثيل | O68: 31611110104909 | R68: =VLOOKUP(DataBase[[#This Row],[الفصل]],المرحلة_الدراسية[],2,0) -> الرابع الابتدائي | XFC68: =VLOOKUP(COUNTIF($XFD$2:XFD68,250001),Table3[],2,0) -> A_ | XFD68: =IF(XFD67+1=260000,250001,XFD67+1) -> 250067
A69: 45703.638 | B69: trezaromany1987@gmail.com | C69: =_xlfn.CONCAT(XFC69:XFD69) -> A_250068 | D69: منريت هاني سعيد فهمي | E69: Menrit Hany Said Fahmy | F69: الثاني الاعدادي | G69: 40898 | H69: مهندس | I69: مدرسة | J69: 01222622247 | K69: 01205168859 | L69: العبور الحي التاني بلوك ٢٠٠٨ فيلا ٣ أمام مساكن الطيران | M69: لا يوجد | N69: الرسم | O69: 31112210106384 | R69: =VLOOKUP(DataBase[[#This Row],[الفصل]],المرحلة_الدراسية[],2,0) -> الثالث الاعدادي | XFC69: =VLOOKUP(COUNTIF($XFD$2:XFD69,250001),Table3[],2,0) -> A_ | XFD69: =IF(XFD68+1=260000,250001,XFD68+1) -> 250068
A70: 45703.64 | B70: zeinamsh5@gmail.com | C70: =_xlfn.CONCAT(XFC70:XFD70) -> A_250069 | D70: زينه محمد عبدالحكيم شلبي | E70: Zeina Mohamed Abdel Hakim shalaby | F70: الثاني الاعدادي | G70: 41104 | H70: طيار | I70: صيدلانيه | J70: 01142173920 | K70: 01284336772 | L70: مدينه العبور الحي الثامن كمبوند زهره العبور عماره اربعه | M70: لا يوجد | N70: القدره على الاجتماع مع الآخرين لفتره طويله (شخصيه قيادية و اجتماعية) | O70: 31207140101762 | R70: =VLOOKUP(DataBase[[#This Row],[الفصل]],المرحلة_الدراسية[],2,0) -> الثالث الاعدادي | XFC70: =VLOOKUP(COUNTIF($XFD$2:XFD70,250001),Table3[],2,0) -> A_ | XFD70: =IF(XFD69+1=260000,250001,XFD69+1) -> 250069
A71: 45703.641 | B71: mayada.m.mostafa@gmail.com | C71: =_xlfn.CONCAT(XFC71:XFD71) -> A_250070 | D71: سما حازم سيد محمد | E71: Sama Hazem Sayed Mohamed | F71: الاول الاعدادي | G71: 41432 | H71: مهندس ميكانيكا | I71: مدير ادارة بالشركة الوطنية لخدمات الملاحة الجوية بوزارة الطيران المدني | J71: 01119933325 | K71: 01062624096 | L71: ٣ محور طه حسين النزهة الجديدة القاهرة | M71: لا يوجد | N71: الرسم | O71: 31306070106027 | R71: =VLOOKUP(DataBase[[#This Row],[الفصل]],المرحلة_الدراسية[],2,0) -> الثاني الاعدادي | XFC71: =VLOOKUP(COUNTIF($XFD$2:XFD71,250001),Table3[],2,0) -> A_ | XFD71: =IF(XFD70+1=260000,250001,XFD70+1) -> 250070
A72: 45703.643 | B72: talia29989@gmail.com | C72: =_xlfn.CONCAT(XFC72:XFD72) -> A_250071 | D72: تاليا شريف ممدوح متولي | E72: Talia sherif mamdouh metwali | F72: الرابع الابتدائي | G72: 42334 | H72: مهندس معماري | I72: ربه منزل | J72: 01013708926 | K72: 01002776374 | L72: شارع نعمان جمعه عماره ١١٩ الحي التاني امام مستشفي عين شمس التخصصي | M72: لا يوجد | N72: التمثيل | O72: 31511260101687 | R72: =VLOOKUP(DataBase[[#This Row],[الفصل]],المرحلة_الدراسية[],2,0) -> الخامس الابتدائي | XFC72: =VLOOKUP(COUNTIF($XFD$2:XFD72,250001),Table3[],2,0) -> A_ | XFD72: =IF(XFD71+1=260000,250001,XFD71+1) -> 250071
A73: 45703.644 | B73: marian.m.wahib@gmail.com | C73: =_xlfn.CONCAT(XFC73:XFD73) -> A_250072 | D73: مارلي مينا نادي شوقي | E73: Marly Mina Nady shawky | F73: الثالث الابتدائي | G73: 42681 | H73: Pharmaciset | I73: Accountant | J73: 01286338454 | K73: 01223839456 | L73: نزهه العبور مربع ٨٠٠١٢ عماره ٥ النصر الحي التامن | M73: لا يوجد | N73: Drawing and music | O73: 31611071401321 | R73: =VLOOKUP(DataBase[[#This Row],[الفصل]],المرحلة_الدراسية[],2,0) -> الرابع الابتدائي | XFC73: =VLOOKUP(COUNTIF($XFD$2:XFD73,250001),Table3[],2,0) -> A_ | XFD73: =IF(XFD72+1=260000,250001,XFD72+1) -> 250072
A74: 45703.644 | B74: ng.elkady@gmail.com | C74: =_xlfn.CONCAT(XFC74:XFD74) -> A_250073 | D74: لانا بهي الدين عمر أحمد | E74: Lana Bahi Eldin Omar Ahmed | F74: الاول الاعدادي | G74: 41302 | H74: محاسب | I74: محاسبة | J74: 01005254506 | K74: 01023808000 | L74: عمارة ٢٠ ش عقلة بن نافع - الحي الثالث - العبور | M74: لا يوجد أمراض مزمنة | N74: تمثيل - skating | R74: =VLOOKUP(DataBase[[#This Row],[الفصل]],المرحلة_الدراسية[],2,0) -> الثاني الاعدادي | XFC74: =VLOOKUP(COUNTIF($XFD$2:XFD74,250001),Table3[],2,0) -> A_ | XFD74: =IF(XFD73+1=260000,250001,XFD73+1) -> 250073
A75: 45703.646 | B75: merododo1115@gmail.com | C75: =_xlfn.CONCAT(XFC75:XFD75) -> A_250074 | D75: يوأنا عادل عاطف زكي | E75: Youanna adel atef zaki | F75: الخامس الابتدائي | G75: 42207 | H75: مصمم عرض بالسعودية | I75: Housewife | J75: 01223038705 | K75: 01276539993 | L75: 7 عمارات الرقابة الادارية الحي الثامن مدينة نصر | M75: لا يوجد | N75: الرس | O75: 31507222400045 | R75: =VLOOKUP(DataBase[[#This Row],[الفصل]],المرحلة_الدراسية[],2,0) -> السادس الابتدائي | XFC75: =VLOOKUP(COUNTIF($XFD$2:XFD75,250001),Table3[],2,0) -> A_ | XFD75: =IF(XFD74+1=260000,250001,XFD74+1) -> 250074
A76: 45703.647 | B76: rasha.mourice2022@gmail.com | C76: =_xlfn.CONCAT(XFC76:XFD76) -> A_250075 | D76: يؤانا بيتر ميشيل نسيم | E76: Youana peter micheal nesem | F76: الاول الاعدادي | G76: 41272 | H76: مدير مالي | I76: ربة منزل | J76: 01225813027 | K76: 01282219205 | L76: العبور الحي السادس قطعة ١٤٠٢٨ فيلا ١٥ | M76: لا يوجد | N76: الرياضة | O76: 31212290102125 | R76: =VLOOKUP(DataBase[[#This Row],[الفصل]],المرحلة_الدراسية[],2,0) -> الثاني الاعدادي | XFC76: =VLOOKUP(COUNTIF($XFD$2:XFD76,250001),Table3[],2,0) -> A_ | XFD76: =IF(XFD75+1=260000,250001,XFD75+1) -> 250075
A77: 45703.648 | B77: heaven.mina.oppo@gmail.com | C77: =_xlfn.CONCAT(XFC77:XFD77) -> A_250076 | D77: هيڤن مينا اديب اسحق | E77: Heaven Mina Adeeb Eshak | F77: الثاني الاعدادي | G77: 40857 | H77: مصمم جرافيك | I77: مسئولة الحسابات بمدرسة | J77: 01220077315 | K77: 01280708844 | L77: فيلا ١١ بلوك 28038 ش | M77: لا يوجد | N77: السباحة والجري | O77: 31111100100325 | R77: =VLOOKUP(DataBase[[#This Row],[الفصل]],المرحلة_الدراسية[],2,0) -> الثالث الاعدادي | XFC77: =VLOOKUP(COUNTIF($XFD$2:XFD77,250001),Table3[],2,0) -> A_ | XFD77: =IF(XFD76+1=260000,250001,XFD76+1) -> 250076
A78: 45703.652 | B78: judybodysalma@gmail.com | C78: =_xlfn.CONCAT(XFC78:XFD78) -> A_250077 | D78: جودى محمد فتحى السيد السيد | E78: Judy Mohamed Fathy elsaid | F78: الثاني الاعدادي | G78: 40937 | H78: مدير مشروع | I78: ربع منزل | J78: 01065540634 | K78: 01097885039 | L78: العبور الحى التانى عمارات المستثمر الصغير عماره رقم ٣٦ خلف مسجد الفتاح العليم شقه رقم ٥ الدور الاول علوى | M78: لا يوجد | N78: الرسم | O78: 31201298800288 | R78: =VLOOKUP(DataBase[[#This Row],[الفصل]],المرحلة_الدراسية[],2,0) -> الثالث الاعدادي | XFC78: =VLOOKUP(COUNTIF($XFD$2:XFD78,250001),Table3[],2,0) -> A_ | XFD78: =IF(XFD77+1=260000,250001,XFD77+1) -> 250077
A79: 45703.656 | B79: joniermedhat4@gmail.com | C79: =_xlfn.CONCAT(XFC79:XFD79) -> A_250078 | D79: جونير مدحت منير شفيق | E79: Jonier medhat Mounir shafiq | F79: الأول الثانوي | G79: 40851 | H79: صيدلي | I79: دكتورة | J79: 01279670775 | K79: 01148793493 | L79: الخير الثاني أمام البوابة الخلفي لمدرسة استانفرورد | M79: لا | N79: تمثيل | O79: 31111040100606 | R79: =VLOOKUP(DataBase[[#This Row],[الفصل]],المرحلة_الدراسية[],2,0) -> الثاني الثانوي | XFC79: =VLOOKUP(COUNTIF($XFD$2:XFD79,250001),Table3[],2,0) -> A_ | XFD79: =IF(XFD78+1=260000,250001,XFD78+1) -> 250078
A80: 45703.66 | B80: mira.mahmoud1983@gmail.com | C80: =_xlfn.CONCAT(XFC80:XFD80) -> A_250079 | D80: ميرا محمود صالح حسن | E80: Mira Mahmoud Saleh Hassan | F80: الأول الثانوي | G80: 40271 | H80: محاسب | I80: ربة منزل | J80: 01009155158 | K80: 01125600079 | L80: الحي الرابع خط عشرة امام بوابة ٧ | M80: لا يوجد | N80: رسم | O80: 31004030101328 | R80: =VLOOKUP(DataBase[[#This Row],[الفصل]],المرحلة_الدراسية[],2,0) -> الثاني الثانوي | XFC80: =VLOOKUP(COUNTIF($XFD$2:XFD80,250001),Table3[],2,0) -> A_ | XFD80: =IF(XFD79+1=260000,250001,XFD79+1) -> 250079
A81: 45703.667 | B81: bassant.elasfr24@gmail.com | C81: =_xlfn.CONCAT(XFC81:XFD81) -> A_250080 | D81: بسنت احمد محمود محمد | E81: Bassant Ahmed Mahmoud Mohamad | F81: الثالث الاعدادي | G81: 40855 | H81: ضابط | I81: ربة منزل | J81: 01000844007 | K81: 01066307888 | L81: الحي الأول محلية ٦ | M81: لا يوجد | N81: الرسم و الفن الاورجامي | O81: 31108111303421 | R81: =VLOOKUP(DataBase[[#This Row],[الفصل]],المرحلة_الدراسية[],2,0) -> الأول الثانوي | XFC81: =VLOOKUP(COUNTIF($XFD$2:XFD81,250001),Table3[],2,0) -> A_ | XFD81: =IF(XFD80+1=260000,250001,XFD80+1) -> 250080
A82: 45703.668 | B82: mariamyoussef5m@gmail.com | C82: =_xlfn.CONCAT(XFC82:XFD82) -> A_250081 | D82: بارثينيا اشعياء صدقي سامي | E82: Parthenia Ashiaa sedky samy | F82: الخامس الابتدائي | G82: 42021 | H82: محاسب | I82: ربه منزل | J82: 01220886867 | K82: 01273740016 | L82: دار مصر التاسع عمارة ٩موقع ١ العبور | M82: لا | N82: التمثيل | R82: =VLOOKUP(DataBase[[#This Row],[الفصل]],المرحلة_الدراسية[],2,0) -> السادس الابتدائي | XFC82: =VLOOKUP(COUNTIF($XFD$2:XFD82,250001),Table3[],2,0) -> A_ | XFD82: =IF(XFD81+1=260000,250001,XFD81+1) -> 250081
A83: 45703.669 | B83: samehcarma@gmail.com | C83: =_xlfn.CONCAT(XFC83:XFD83) -> A_250082 | D83: كارما سامح سيد احمد | E83: carma sameh sayed ahmed | F83: الاول الاعدادي | G83: 41531 | H83: ضابط بحري | I83: محاسبه | J83: 01010912420 | K83: 01019700054 | L83: العبور الحي التامن الاسكان العائلي ڤيلا تمانيه بلوك ١٧١٠٥ | M83: اوقات اغماء من الشمس | N83: مهارات التواصل و التحدت مع الاخارين باحترام و التنظيم | O83: 31309140300186 | R83: =VLOOKUP(DataBase[[#This Row],[الفصل]],المرحلة_الدراسية[],2,0) -> الثاني الاعدادي | XFC83: =VLOOKUP(COUNTIF($XFD$2:XFD83,250001),Table3[],2,0) -> A_ | XFD83: =IF(XFD82+1=260000,250001,XFD82+1) -> 250082
A84: 45703.671 | B84: maryayoub60@gmail.com | C84: =_xlfn.CONCAT(XFC84:XFD84) -> A_250083 | D84: مانويلا أيوب خلف ايوب | E84: Manuella Ayoub Khalaf Ayoub | F84: الثالث الاعدادي | G84: 40747 | H84: صاحب شركة اثاث مكتبى | I84: محاسبة | J84: 01227160668 | K84: 01279616006 | L84: 27شارع فاطمة الزهراء امام كنيسة ماربولس العبور الحى الثانى | M84: لا يوجد | N84: سباحة | R84: =VLOOKUP(DataBase[[#This Row],[الفصل]],المرحلة_الدراسية[],2,0) -> الأول الثانوي | XFC84: =VLOOKUP(COUNTIF($XFD$2:XFD84,250001),Table3[],2,0) -> A_ | XFD84: =IF(XFD83+1=260000,250001,XFD83+1) -> 250083
A85: 45703.675 | B85: hany_said1977@yahoo.com | C85: =_xlfn.CONCAT(XFC85:XFD85) -> A_250084 | D85: ميراي هاني سعيد فهمى | E85: Mireille Hany Said Fahmy | F85: الخامس الابتدائي | G85: 41987 | H85: مهندس | I85: مدرسة | J85: 01222622247 | K85: 01205168859 | L85: العبور الحي الثاني بلوك ٢٠٠٨ فيلا ٣ | M85: لا يوجد | N85: التمثيل | O85: 31412140102665 | R85: =VLOOKUP(DataBase[[#This Row],[الفصل]],المرحلة_الدراسية[],2,0) -> السادس الابتدائي | XFC85: =VLOOKUP(COUNTIF($XFD$2:XFD85,250001),Table3[],2,0) -> A_ | XFD85: =IF(XFD84+1=260000,250001,XFD84+1) -> 250084
A86: 45703.675 | B86: maloky.maloky2020@gmail.com | C86: =_xlfn.CONCAT(XFC86:XFD86) -> A_250085 | D86: ملك محمد جمال سعد | E86: Malak Mohamed Gamal saad | F86: الثاني الاعدادي | G86: 40918 | H86: مهندس | I86: أدمن | J86: 01281000380 | K86: 01095944380 | L86: عماره ١ ش عقبه بن نافع الحي الثالث بجوار صينية الروضه مدينة العبور . الدور الثاني شقة ١٣ | M86: لا يوجد | N86: القراءة والرسم | O86: 31201101400127 | R86: =VLOOKUP(DataBase[[#This Row],[الفصل]],المرحلة_الدراسية[],2,0) -> الثالث الاعدادي | XFC86: =VLOOKUP(COUNTIF($XFD$2:XFD86,250001),Table3[],2,0) -> A_ | XFD86: =IF(XFD85+1=260000,250001,XFD85+1) -> 250085
A87: 45703.677 | B87: jacklienfathi@gmail.com | C87: =_xlfn.CONCAT(XFC87:XFD87) -> A_250086 | D87: جوفيسكيا فيكتور بخيت خليل | E87: Jovesskia victor bekhet khalil | F87: الاول الاعدادي | G87: 41343 | H87: صيدلي حر | I87: صيدلانية حرة | J87: 01227589311 | K87: 01228683202 | L87: 9 st Ali sabra from abo khalel el bana ezbet el nakhl el gharbya | M87: لا يوجد | N87: لاعبة جمباز -تحب الطبخ - تهوي التنظيم | O87: 31303100105765 | R87: =VLOOKUP(DataBase[[#This Row],[الفصل]],المرحلة_الدراسية[],2,0) -> الثاني الاعدادي | XFC87: =VLOOKUP(COUNTIF($XFD$2:XFD87,250001),Table3[],2,0) -> A_ | XFD87: =IF(XFD86+1=260000,250001,XFD86+1) -> 250086
A88: 45703.681 | B88: joanna.jan6813@gmail.com | C88: =_xlfn.CONCAT(XFC88:XFD88) -> A_250087 | D88: جوانا جان جمال زكري | E88: Joanna Jan gamal zikry | F88: الاول الاعدادي | G88: 41492 | H88: IT manager St. joseph school | I88: English teacher | J88: 01003634538 | K88: 01011512208 | L88: الحي الثامن عمارة ٣٠شقة ١٩ مدينة العبور | M88: لا يوجد | N88: الرسم - عمل قصص | R88: =VLOOKUP(DataBase[[#This Row],[الفصل]],المرحلة_الدراسية[],2,0) -> الثاني الاعدادي | XFC88: =VLOOKUP(COUNTIF($XFD$2:XFD88,250001),Table3[],2,0) -> A_ | XFD88: =IF(XFD87+1=260000,250001,XFD87+1) -> 250087
A89: 45703.681 | B89: nermine.osman1982@gmail.com | C89: =_xlfn.CONCAT(XFC89:XFD89) -> A_250088 | D89: ريناد أحمد رشاد عبد الحميد | E89: Renad Ahmed Rashad AbdElhamid | F89: الخامس الابتدائي | G89: 42037 | H89: Accounting manager | I89: Logistics manager | J89: 01227377123 | K89: 01227377124 | L89: الحي الثامن الاسكان العائلي فيلا ٢٠ قطعة ١٧٠٢٢ | M89: لا يوجد | N89: لعب كره السله والسباحة والرسم و التلوين | O89: 31502020109908 | R89: =VLOOKUP(DataBase[[#This Row],[الفصل]],المرحلة_الدراسية[],2,0) -> السادس الابتدائي | XFC89: =VLOOKUP(COUNTIF($XFD$2:XFD89,250001),Table3[],2,0) -> A_ | XFD89: =IF(XFD88+1=260000,250001,XFD88+1) -> 250088
A90: 45703.686 | B90: nadin.ahmed.ibrahim.abd.el.roof@saint-joseph-school.com | C90: =_xlfn.CONCAT(XFC90:XFD90) -> A_250089 | D90: نادين احمد ابراهيم عبدالروؤف | E90: Nadine Ahmed Ibrahim Abd elraouf | F90: الثالث الابتدائي | G90: 42927 | H90: ضابط بالقوات المسلحه | I90: بكالوريوس تربيه فنيه | J90: 01095980767 | K90: 01091718125 | L90: مدينه المستقبل عماره ٧٦٩شقه١١ | M90: لايوجد | N90: الطبخ والرسم | O90: 31707112403528 | R90: =VLOOKUP(DataBase[[#This Row],[الفصل]],المرحلة_الدراسية[],2,0) -> الرابع الابتدائي | XFC90: =VLOOKUP(COUNTIF($XFD$2:XFD90,250001),Table3[],2,0) -> A_ | XFD90: =IF(XFD89+1=260000,250001,XFD89+1) -> 250089
A91: 45703.687 | B91: dianasafwat2005@gmail.com | C91: =_xlfn.CONCAT(XFC91:XFD91) -> A_250090 | D91: آن ايهاب ناثان الفي | E91: Ann Ehab Nathan Alfy | F91: الاول الاعدادي | G91: 41290 | H91: استشاري امراض النساء و التوليد و علاج العقم | I91: صيدلانيه | J91: 01223496687 | K91: 01271492000 | L91: مساكن شيراتون مصر الجديده مربع ١١٣٨ الوزراء عماره رقم ١ | M91: لا يوجد | N91: لاعبه تنس ارضي و كوره قدم و تلعب علي آله الدرامز | R91: =VLOOKUP(DataBase[[#This Row],[الفصل]],المرحلة_الدراسية[],2,0) -> الثاني الاعدادي | XFC91: =VLOOKUP(COUNTIF($XFD$2:XFD91,250001),Table3[],2,0) -> A_ | XFD91: =IF(XFD90+1=260000,250001,XFD90+1) -> 250090
A92: 45703.689 | B92: asmaa.zaied@miuegypt.edu.eg | C92: =_xlfn.CONCAT(XFC92:XFD92) -> A_250091 | D92: نور محمد أبو الفضل عبد الدايم | E92: Nour Mohamed Abu El fadl Abd el dayem | F92: الثالث الابتدائي | G92: 42702 | H92: صحفي | I92: صحفية | J92: 01093005681 | K92: 01030320093 | L92: مدينة المستقبل ـ الشروق ـ طريق مصر الاسماعيليه الصحراوي | M92: لا يوجد | N92: Play volleyball - Dancing - drawing - painting | O92: 31611280103109 | R92: =VLOOKUP(DataBase[[#This Row],[الفصل]],المرحلة_الدراسية[],2,0) -> الرابع الابتدائي | XFC92: =VLOOKUP(COUNTIF($XFD$2:XFD92,250001),Table3[],2,0) -> A_ | XFD92: =IF(XFD91+1=260000,250001,XFD91+1) -> 250091
A93: 45703.69 | B93: monaelarby80@gmail.com | C93: =_xlfn.CONCAT(XFC93:XFD93) -> A_250092 | D93: كنزي حاتم محمد الصاوي يحي | E93: Kenzy Hatem mohamed | F93: الرابع الابتدائي | G93: 45671 | H93: محاسب قانوني | I93: محاميه | J93: 01224445917 | K93: 01234446917 | L93: العبور الحي السابع فيلا ١٣ بلوك ١٥٠١٧ | M93: لا يوجد | N93: متنوع | O93: 31601140105505 | R93: =VLOOKUP(DataBase[[#This Row],[الفصل]],المرحلة_الدراسية[],2,0) -> الخامس الابتدائي | XFC93: =VLOOKUP(COUNTIF($XFD$2:XFD93,250001),Table3[],2,0) -> A_ | XFD93: =IF(XFD92+1=260000,250001,XFD92+1) -> 250092
A94: 45703.693 | B94: nonoosjoja@gmail.com | C94: =_xlfn.CONCAT(XFC94:XFD94) -> A_250093 | D94: خديجة محمد فاروق محمود | E94: Khadija Mohamed Farouk | F94: الخامس الابتدائي | G94: 42129 | H94: محاسب قانونى | I94: ربة منزل | J94: 01223512238 | K94: 01001445513 | L94: كومبوند دار مصر العبور عمارة ٩٤ شقة ٦ مرحلة تانية | M94: لا يوجد | N94: الرسم | O94: 31505051406144 | R94: =VLOOKUP(DataBase[[#This Row],[الفصل]],المرحلة_الدراسية[],2,0) -> السادس الابتدائي | XFC94: =VLOOKUP(COUNTIF($XFD$2:XFD94,250001),Table3[],2,0) -> A_ | XFD94: =IF(XFD93+1=260000,250001,XFD93+1) -> 250093
A95: 45703.704 | B95: juniermichellef42012@gmail.com | C95: =_xlfn.CONCAT(XFC95:XFD95) -> A_250094 | D95: جونير ميشيل فؤاد كامل | E95: Junier michelle fouad kamel | F95: الثاني الاعدادي | G95: 41009 | H95: دكتور صيدلي | I95: مضيفة ارضية بشركة مصر للطيران | J95: 01069994401 | K95: 01552638318 | L95: فيلا ٦٥ شارع ١٩ متفرع من فاطمة الزهراء الحي الثاني العائلي مدينة العبور | M95: لا يوجد | N95: لاعبة جمباز وعازفة فلوت | O95: 31204100103721 | R95: =VLOOKUP(DataBase[[#This Row],[الفصل]],المرحلة_الدراسية[],2,0) -> الثالث الاعدادي | XFC95: =VLOOKUP(COUNTIF($XFD$2:XFD95,250001),Table3[],2,0) -> A_ | XFD95: =IF(XFD94+1=260000,250001,XFD94+1) -> 250094
A96: 45703.705 | B96: samar.zied@gmail.com | C96: =_xlfn.CONCAT(XFC96:XFD96) -> A_250095 | D96: جويريه احمد حسين مصطفي | E96: Jwayria Ahmed Hussein Mostfa | F96: الخامس الابتدائي | G96: 42000 | H96: مدير فرع في شركه اتصالات | I96: لا تعمل | J96: 01116006004 | K96: 01144400008 | L96: العبور الجديده حي المجد عماره ٣٩٤ شقه ٢٢ | M96: لا | N96: غناء رقص قراءه الكتابه | O96: 31412270103965 | R96: =VLOOKUP(DataBase[[#This Row],[الفصل]],المرحلة_الدراسية[],2,0) -> السادس الابتدائي | XFC96: =VLOOKUP(COUNTIF($XFD$2:XFD96,250001),Table3[],2,0) -> A_ | XFD96: =IF(XFD95+1=260000,250001,XFD95+1) -> 250095
A97: 45703.707 | B97: joyce.michelle92014@gmail.com | C97: =_xlfn.CONCAT(XFC97:XFD97) -> A_250096 | D97: جويس ميشيل فؤاد كامل | E97: Joyce michelle fouad kamel | F97: السادس الابتدائي | G97: 41907 | H97: دكتور صيدلي | I97: مضيفة ارضية بشركة مصر للطيران | J97: 01069994401 | K97: 01552638318 | L97: فيلا ٦٥ شارع ١٩ متفرع من فاطمة الزهراء الحي الثاني العائلي مدينة العبور | M97: لايوجد | N97: لاعبة جمباز والرسم | O97: 31409250110921 | R97: =VLOOKUP(DataBase[[#This Row],[الفصل]],المرحلة_الدراسية[],2,0) -> الاول الاعدادي | XFC97: =VLOOKUP(COUNTIF($XFD$2:XFD97,250001),Table3[],2,0) -> A_ | XFD97: =IF(XFD96+1=260000,250001,XFD96+1) -> 250096
A98: 45703.71 | B98: hanashady2012@gmail.com | C98: =_xlfn.CONCAT(XFC98:XFD98) -> A_250097 | D98: هنا شادى محمد محمد | E98: Hana shady Mohamed Mohamed | F98: الثاني الاعدادي | G98: 40918 | H98: مدير مالى | I98: مدير مبيعات | J98: 01002129670 | K98: 01006390599 | L98: العبور الحى التاسع شارع صنع الله إبراهيم بلوك ١٨٠١٤ عمارة ١٨ | M98: لا يوجد | N98: الرسم | O98: 31201100106381 | R98: =VLOOKUP(DataBase[[#This Row],[الفصل]],المرحلة_الدراسية[],2,0) -> الثالث الاعدادي | XFC98: =VLOOKUP(COUNTIF($XFD$2:XFD98,250001),Table3[],2,0) -> A_ | XFD98: =IF(XFD97+1=260000,250001,XFD97+1) -> 250097
A99: 45703.725 | B99: gaidorona@gmail.com | C99: =_xlfn.CONCAT(XFC99:XFD99) -> A_250098 | D99: سلاف أحمد محمد محمود رزق | E99: Sulaf Ahmed Mohamed Mahmoud Rizk | F99: الثالث الابتدائي | G99: 42712 | H99: مدير حسابات | I99: معلمة لغة انجليزية | J99: 01221649015 | K99: 01111191403 | L99: 119 حي الكرامة العبور الجديدة بجوار مول الكرامة | M99: لا يوجد | N99: الرسم و التلوين و تاليف القصص | O99: 31612082102543 | R99: =VLOOKUP(DataBase[[#This Row],[الفصل]],المرحلة_الدراسية[],2,0) -> الرابع الابتدائي | XFC99: =VLOOKUP(COUNTIF($XFD$2:XFD99,250001),Table3[],2,0) -> A_ | XFD99: =IF(XFD98+1=260000,250001,XFD98+1) -> 250098
A100: 45703.73 | B100: sheryadeldaoud@gmail.com | C100: =_xlfn.CONCAT(XFC100:XFD100) -> A_250099 | D100: چوي چورچ فهيم ذكي | E100: Joy George Faheem Zaki | F100: السادس الابتدائي | G100: 41655 | H100: مهندس ميكانيكا | I100: معلمة ذوي احتياجات خاصة | J100: 01280811711 | K100: 01281033000 | L100: ڤيلا ١٢ بلوك ١٩٠١٧ بجوار مسجد الأمين علي خط عشرة الحي الرابع العبور | M100: لا يوجد | N100: القراءة الرسم التلوين طبخ بعض الوجبات البسيطة | O100: 31401160101442 | R100: =VLOOKUP(DataBase[[#This Row],[الفصل]],المرحلة_الدراسية[],2,0) -> الاول الاعدادي | XFC100: =VLOOKUP(COUNTIF($XFD$2:XFD100,250001),Table3[],2,0) -> A_ | XFD100: =IF(XFD99+1=260000,250001,XFD99+1) -> 250099
A101: 45703.74 | B101: hala3azmy2012@gmail.com | C101: =_xlfn.CONCAT(XFC101:XFD101) -> A_250100 | D101: ميرولا جرجس وليم عبد النور | E101: Merolla gerges william ebd elnour | F101: الثاني الاعدادي | G101: 41148 | H101: صاحب شركة توريدات حاصلات زراعيه | I101: محامى بشركة مرجان للكيماويات التخصصية | J101: 01224826099 | K101: 01224974369 | L101: الحى الرابع شارع الثورة بلوك 19057 بلوك 1 | M101: حساسية بالانف | N101: الرسم والطبخ و السباحة | O101: 31208271404725 | R101: =VLOOKUP(DataBase[[#This Row],[الفصل]],المرحلة_الدراسية[],2,0) -> الثالث الاعدادي | XFC101: =VLOOKUP(COUNTIF($XFD$2:XFD101,250001),Table3[],2,0) -> A_ | XFD101: =IF(XFD100+1=260000,250001,XFD100+1) -> 250100
A102: 45703.767 | B102: miramohamedgamalibrahim@gmail.com | C102: =_xlfn.CONCAT(XFC102:XFD102) -> A_250101 | D102: ميريام محمد جمال الدين | E102: Meriammohamedgamallelden | F102: الثاني الاعدادي | G102: 40270 | H102: رئيس محكمه استئناف شمال القاهرة | I102: مدرسة لغه فرنسيه | J102: 01224433464 | K102: 01125918543 | L102: العبور الحي السادس شارع الشيماء مربع 14019فيلا18 أمام مدرسه السيده خديجه | M102: لا يوجد | N102: . | O102: 31202041401168 | R102: =VLOOKUP(DataBase[[#This Row],[الفصل]],المرحلة_الدراسية[],2,0) -> الثالث الاعدادي | XFC102: =VLOOKUP(COUNTIF($XFD$2:XFD102,250001),Table3[],2,0) -> A_ | XFD102: =IF(XFD101+1=260000,250001,XFD101+1) -> 250101
A103: 45705.76 | B103: salmamohamedtag@gmail.com | C103: =_xlfn.CONCAT(XFC103:XFD103) -> A_250102 | D103: سلمى محمد تاج الدين عبد الحميد | E103: Salma mohamed tag elden abd elhamed | F103: الاول الاعدادي | G103: 41346 | H103: ظابط شرطه | I103: مدرسة | J103: 01069131394 | K103: 01221107080 | L103: كمبوند بندر العبور ميدان ابن حميدو شارع الشباب العبور | M103: حساسيه | N103: الرسم و التلوين و الطبخ | O103: 31303130106146 | R103: =VLOOKUP(DataBase[[#This Row],[الفصل]],المرحلة_الدراسية[],2,0) -> الثاني الاعدادي | XFC103: =VLOOKUP(COUNTIF($XFD$2:XFD103,250001),Table3[],2,0) -> A_ | XFD103: =IF(XFD102+1=260000,250001,XFD102+1) -> 250102
A104: 45703.776 | B104: mayvenehab0@gmail.com | C104: =_xlfn.CONCAT(XFC104:XFD104) -> A_250103 | D104: مايفن ايهاب وديع حكيم | E104: Mayven Ehab Wadie Hakim | F104: الثاني الاعدادي | G104: 40897 | H104: مدير شركه ادويه | I104: بكالوريوس تجارة | J104: 01279799777 | K104: 01224428703 | L104: 10شارع فاطمه الزهراء الحى الثانى مدينه العبور | M104: احيانا نزيف من الانف | N104: الرسم والعزف | R104: =VLOOKUP(DataBase[[#This Row],[الفصل]],المرحلة_الدراسية[],2,0) -> الثالث الاعدادي | XFC104: =VLOOKUP(COUNTIF($XFD$2:XFD104,250001),Table3[],2,0) -> A_ | XFD104: =IF(XFD103+1=260000,250001,XFD103+1) -> 250103
A105: 45703.78 | B105: lucindaemad2013@gmail.com | C105: =_xlfn.CONCAT(XFC105:XFD105) -> A_250104 | D105: لوسيندا عماد سامي نجيب | E105: Lucinda Emad Samy Naguib | F105: السادس الابتدائي | G105: 41593 | H105: رئيس قسم التخليص الجمركي بشركة ايفا فارما | I105: مراجع مالى بوزارة الشئون الاجتماعية | J105: 01288914452 | K105: 01223899383 | L105: الحي الثالث امام المدرسة الدولية خلف مسجد مالك الملك فيلا 3 قطعة 28010 | M105: لا يوجد | N105: الرسم | O105: 31311150105505 | R105: =VLOOKUP(DataBase[[#This Row],[الفصل]],المرحلة_الدراسية[],2,0) -> الاول الاعدادي | XFC105: =VLOOKUP(COUNTIF($XFD$2:XFD105,250001),Table3[],2,0) -> A_ | XFD105: =IF(XFD104+1=260000,250001,XFD104+1) -> 250104
A106: 45703.783 | B106: perptwabishoy2012@gmail.com | C106: =_xlfn.CONCAT(XFC106:XFD106) -> A_250105 | D106: چوسيلي بشوي مسعد داوود | E106: Joselley bishoy mosaad dawood | F106: السادس الابتدائي | G106: 41843 | H106: مدير حسابات بشركه Mcv | I106: اخصائي تحاليل طبيه | J106: 01221853444 | K106: 01207753036 | L106: 2ش الزيتون حدائق الزيتون | M106: لا يوجد | N106: الرسم | O106: 31407230107301 | R106: =VLOOKUP(DataBase[[#This Row],[الفصل]],المرحلة_الدراسية[],2,0) -> الاول الاعدادي | XFC106: =VLOOKUP(COUNTIF($XFD$2:XFD106,250001),Table3[],2,0) -> A_ | XFD106: =IF(XFD105+1=260000,250001,XFD105+1) -> 250105
A107: 45703.783 | B107: mahaseso86@gmail.com | C107: =_xlfn.CONCAT(XFC107:XFD107) -> A_250106 | D107: نورسين مصطفى عادل عبد الحميد | E107: Nourseen Mostafa Adel Abd El Hamid | F107: الثالث الابتدائي | G107: 42723 | H107: General manager at medical company | I107: Biology teacher | J107: 01090492526 | K107: 01090170069 | L107: 8th district el obour city | M107: لا يوجد | N107: الرسم والتلوين والغناء | O107: 31612190101103 | R107: =VLOOKUP(DataBase[[#This Row],[الفصل]],المرحلة_الدراسية[],2,0) -> الرابع الابتدائي | XFC107: =VLOOKUP(COUNTIF($XFD$2:XFD107,250001),Table3[],2,0) -> A_ | XFD107: =IF(XFD106+1=260000,250001,XFD106+1) -> 250106
A108: 45703.784 | B108: engy.gharbawy@gmail.com | C108: =_xlfn.CONCAT(XFC108:XFD108) -> A_250107 | D108: فريدة محمد فتحي مليجي | E108: Farida Mohamed Fathy Miligy | F108: الرابع الابتدائي | G108: 42348 | H108: Bank Manager | I108: Bachelor of Arts | J108: 01006086176 | K108: 01116488586 | L108: مدينة العبور- الحي الثامن- الاسكان العائلي - ق١٥ بلوك ١٧٠٤٨ | M108: لا يوجد | N108: الرسم والتلوين | O108: 31512100107162 | R108: =VLOOKUP(DataBase[[#This Row],[الفصل]],المرحلة_الدراسية[],2,0) -> الخامس الابتدائي | XFC108: =VLOOKUP(COUNTIF($XFD$2:XFD108,250001),Table3[],2,0) -> A_ | XFD108: =IF(XFD107+1=260000,250001,XFD107+1) -> 250107
...

Sheet Database_Backup
A1: Timestamp | B1: Email Address | C1: اسم الطالبة رباعيًا | D1: اسم الطالبة باللغة الانجليزية | E1: الفصل | F1: تـاريخ الميلاد | G1: وظيفـة الأب | H1: وظيفــة الأم | I1: موبـايل الأب | J1: موبـايل الأم | K1: العنوان بالتفصيل | L1: التنويه لوجود أى حالة مرضية | M1: المواهب و المهارات
A2: 45703.506 | B2: nerminsayed450@gmail.com | C2: هيڤين ياسر السيد قطب | D2: Heaven Yasser El Sayed Kotb | E2: الرابع الابتدائي | F2: 41667 | G2: محاسب | H2: مدرسة | I2: 01032677148 | J2: 01014306267 | K2: العبور الحي التاسع شارع عبد العزيز الشوان متفرع من شارع الجامعة بلوك 82 عمارة 5 الدور التالت شقة 8 | L2: لا يوجد | M2: الرسم ولعب الباسكت
A3: 45703.51 | B3: rehammagdy214@gmail.com | C3: ترينتى رجائى نسيم ملك | D3: Trinity Ragaay Nessim malak | E3: الرابع الابتدائي | F3: 41641 | G3: محامي | H3: محامية | I3: 1225970823 | J3: 1272995022 | K3: دار مصر المرحله التانيه الحى التاسع العبور | L3: حساسية صدر | M3: التمثيل.. كورال... رسم..تفصيل... اعمال فنيه
A4: 45703.511 | B4: marymelek777@gmail.com | C4: مارينا ملك بخيت ملك | D4: Marina Melek Bekhit Melek | E4: السادس الابتدائي | F4: 40977 | G4: محاسب شركة انسيا | H4: طبيبة بيطرية | I4: 01223366700 | J4: 01205080177 | K4: 24جولدن هاوس المستثمر الصغير خلف القديس يوسف | L4: لا يوجد | M4: القيادة والصوت الجميل
A5: 45703.512 | B5: marinajunier89@gmail.com | C5: جونير بيشوى ظريف | D5: Junier Beshoy Zarif | E5: الرابع الابتدائي | F5: 41849 | G5: صاحب شركه موازين | H5: Sales international at spicekingdom | I5: 01254333987 | J5: 01277035552 | K5: العبور الحى التانى فيلا ٨٤ أمام المرور | L5: لا يوجد | M5: تمثيل و التلوين
A6: 45703.515 | B6: aivywael630@gmail.com | C6: ايڤى وائل موريس ابادير | D6: Aivy wael Morris abadeer | E6: الرابع الابتدائي | F6: 41886 | G6: مدير فى شركة الميرى للأدوية | H6: محاسبة بالشركة المصرية للإتصالات | I6: 01221212417 | J6: 01552204480 | K6: ٢٠ ش عمار بن ياسر خلف المرور مدينة السلام | L6: لا يوجد | M6: الرسم
A7: 45703.518 | B7: marwaalshall2@gmail.com | C7: ملك أشرف حامد الكيلاني | D7: Malak Ashraf Hamed Elkelany | E7: الخامس الابتدائي | F7: 41228 | G7: محاسب بشركه شمال القاهره للكهرباء | H7: أخصائي تحاليل طبيه بمعامل البرج | I7: 01006044211 | J7: 01225643326 | K7: العبور الحي الثاني محليه 34 شارع 16 قطعه 79 | L7: نزيف من الانف | M7: قراءه برمجه
A8: 45703.522 | B8: marmartony2014@gmail.com | C8: ايرينى مجدى شوقى انطون | D8: Eriny Magdy shawky anton | E8: الرابع الابتدائي | F8: 41852 | G8: صاحب محل موبايلات | H8: ربه منزل | I8: 01050006424 | J8: 01275561556 | K8: 78 شارع الجامع قباء جسر السويس | L8: لا يوجد | M8: التمثيل
A9: 45703.53 | B9: hova.george2014@gmail.com | C9: هيفين جورج حنا سليمان | D9: Heaven George | E9: الرابع الابتدائي | F9: 41905 | G9: محاسب | H9: ادارية في شركة طيران | I9: 01225228920 | J9: 01227774987 | K9: 59 تعاونيات شيراتون الدور ال3شقة 11 | L9: لا | M9: الجمباز و الرسم
A10: 45703.532 | B10: nadia7.2014@gmail.com | C10: ناديا احمد وجدي السنوسي | D10: Nadeia Ahmed Wagdy Elsnosy | E10: الخامس الابتدائي | F10: 41470 | G10: مدير فرع الشركة الاماراتيه للتامين | H10: مهندسة معماريه | I10: 01090999350 | J10: 01022833025 | K10: شارع 50 الحي الاول عمارة 2 مدينة العبور | L10: لا يوجد | M10: سباحه وتلوين
A11: 45703.533 | B11: marinamelek4@gmail.com | C11: مهرائيل ملك بخيت ملك | D11: Mehrail Melek Bekhit Melek | E11: الرابع الابتدائي | F11: 41679 | G11: محاسب في شركة انسيا | H11: طبيبة بيطرية | I11: 01223366700 | J11: 01205080177 | K11: 24جولدن هاوس المستثمر الصغير خلف القديس يوسف العبور | L11: لا يوجد | M11: الصوت الجميل والقيادة
A12: 45703.536 | B12: marselle.zarif@saint-joseph-school.com | C12: بيرلا الهامي بخيت فكري | D12: Perla Elhamy Bekhet Fekry | E12: الرابع الابتدائي | F12: 41781 | G12: صاحب مطعم | H12: مدرسة | I12: 01202069472 | J12: 01203187262 | K12: 198شارع 31 الشباب مدينه العبور | L12: لا بوجد | M12: الرسم
A13: 45705.835 | B13: chantal.shenouda.zarif.riad@saint-joseph-school.com | C13: شانتال شنودة ظريف رياض | D13: Chantal shenouda zarif riad | E13: الرابع الابتدائي | F13: 41591 | G13: مدير مبيعات مصنع كيروماربل للرخام والجرانيت | H13: طبيبة بيطرية واخصائى تحاليل طبية | I13: 01275155297 | J13: 01279000095 | K13: العبور الحى التالت بلوك ٢٨٠٣٣ عمارة ١٥ شارع محمد وحيد عبد الخالق الدور الاخير | L13: لا يوجد | M13: باسكت وسباحة وبيانو
A14: 45703.538 | B14: rashajojo101@gmail.com | C14: جولى جورج عوض جرجس | D14: Julie George Awad Gergis | E14: الثالث الابتدائي | F14: 42031 | G14: مرشد سياحى | H14: دكتورة بكلية الآثار جامعة عين شمس | I14: 1278297133 | J14: 1289874445 | K14: العبور الحى الاول محلية ٦ | L14: لا يوجد | M14: الجمباز والتمثيل والاشغال اليدوية والغناء
A15: 45703.539 | B15: kokeadel387@gmail.com | C15: نيللي شادي محمد | D15: Nelly shady mohamed | E15: الثاني الابتدائي | F15: 42382 | G15: اعمال حرة | H15: لا يوجد | I15: 01003666087 | J15: 01005202654 | K15: مدينة المستقبل امام اكوا بارك عمارة ٧٣٨ شقة ٢٤ | L15: لا يوجد | M15: رياضة الجمباز
A16: 45703.539 | B16: mosherasobhy@hotmail.com | C16: مريم وسام لويس شفيق | D16: Mariam wesam louis shafik | E16: الثالث الابتدائي | F16: 42129 | G16: The owner of Trianto holidays company | H16: Tourism manager at flamingo travel | I16: 01223620949 | J16: 01276758324 | K16: فيلا ٦٦ البنفسج ٤ التجمع الاول القاهرة الجديدة | L16: لا يوجد | M16: رسم - تلوين - أعمال فنية يدوية - كتابة القصص
A17: 45703.539 | B17: bassantromany@gmail.com | C17: بريتي سامي أنور عدلي | D17: Pretty sami Anwar adly | E17: الاول الابتدائي | F17: 42840 | G17: مهندس | H17: مدرسه | I17: 01288236660 | J17: 01227524446 | K17: الحي التاني العبور | L17: لا | M17: الرسم والتلوين
A18: 45703.539 | B18: ahmedsherif708@gmail.com | C18: جوزيدا أحمد محمد ابراهيم | D18: Gozida ahmed mohamed ibrahim | E18: الاول الابتدائي | F18: 42685 | G18: Accountant | H18: Not working | I18: +201094676545 | J18: +201003606129 | K18: مدينه حتب اكتوبر طريق مصر الإسماعيلية شارع ١٦ لوك ٢٢ عماره ١١ | L18: لا يوجد | M18: الجمباز / الرسم
A19: 45703.539 | B19: lomena.hossam.rashad.gergs@saint-joseph-school.com | C19: لومينا حسام رشاد جرجس | D19: Lomena Hossam Rashad Gergs | E19: الاول الابتدائي | F19: 42670 | G19: مهندس ميكانيكا سيارات حر | H19: ربه منزل | I19: 01026433446 | J19: 1023477168 | K19: الحي الثاني بجوار مدرسه ستان فورد الدوليه فيلا رقم 115 | L19: وجود حساسيه علي الصدر | M19: الرقص الغناء التمثيل المحاوره
A20: 45703.539 | B20: babyborn1982@gmail.com | C20: هولي رضا ناروز جرجس | D20: Holly reda narouz girges | E20: الثاني الابتدائي | F20: 46019 | G20: محاسب و رئيس قسم التخصيمات والشحن بشركه صناعه وسائل النقل | H20: باحثة شرطه بالاداره العامه لشرطه ميناء القاهره الجوي | I20: 01223912711 | J20: 01271066601 | K20: 34 شارع نورالدين الزيتون امام سنترال مصر الجديده | L20: لا يوجد | M20: جمباز و متوقف حاليا
A21: 45703.54 | B21: asamy1500@gmail.com | C21: لوسيندا أحمد سامى عبد الحليم محمد | D21: Lucienda Ahmed Samy Abdelhalem Mohamed | E21: الثالث الابتدائي | F21: 41988 | G21: مهندس بالشركه الوطنيه للغاز | H21: شئون طلبه بمدرسه نايل صانز الدوليه ( قسم الأمريكان ) | I21: 01271234485 | J21: 01211794485 | K21: قطعة ٣ بلوك ٢٨٠٣٧ الحى ٣ مدينه العبور | L21: لا | M21: التلوين
A22: 45703.54 | B22: evaa.mohy@gmail.com | C22: ايلينا ملاك ادوارد عزيز | D22: Elina malak Edward aziz | E22: الاول الابتدائي | F22: 42733 | G22: مدير مبيعات شركه ستيل دور ابواب مصفحه | H22: مهندسه | I22: +20 120 0748223 | J22: 01228306158 | K22: 472 حي المجد العبور الجديده بجوار بنزينه بترومين | L22: لا | M22: الرسم والرقص والتلوين
A23: 45703.541 | B23: annamaria.romani11@gmail.com | C23: اناماريا رومانى تحسين صادق | D23: Annamaria Romani Tahsin Sadek | E23: الرابع الابتدائي | F23: 41640 | G23: مدير تسويق ومبيعات | H23: شئون عاملين | I23: 0097333127277 | J23: 01277621921 | K23: عمارة ١٤٧شارع الشباب اخر السبعين متر | L23: لا يوجد | M23: موسيقى
A24: 45703.541 | B24: malik.tokyo.oms@gmail.com | C24: مليكه محمد عبد المعز ابراهيم | D24: Malika Mohamed abdelmoaz Ibrahim | E24: الثاني الابتدائي | F24: 42393 | G24: باحث في هيئه الاستثمار وحاصل على دكتوراه في مجال اداره الاعمال | H24: ربه منزل | I24: 01061744447 | J24: 01018702203 | K24: العبور الحي الخامس | L24: لايوجد | M24: الرسم والغناء والسباحه
A25: 45703.542 | B25: madonnageorge1511@gmail.com | C25: جونير مايكل عزيز أنيس | D25: Junir Michael Aziz Anis | E25: الثالث الابتدائي | F25: 42033 | G25: رئيس قسم المبيعات في شركه مرسيدس Mcv | H25: ربه منزل | I25: 01273937763 | J25: 01270317462 | K25: كمبوند جنة مصر عماره ٨ شقه ١٠ مدينه العبور الحي التاني شارع احمد بن طولون | L25: لا | M25: التلوين
A26: 45703.543 | B26: sallyadel198817@gmail.com | C26: لافيرا مايكل ظريف مليح | D26: Lavera Michael zaref maleh | E26: الاول الابتدائي | F26: 42656 | G26: رئيس قسم في شركه Mcv | H26: باحثه شرطه في شرطه تعمير جهاز مدينه العبور | I26: 0120 4690260 | J26: 01207664336 | K26: فيلا ١/١٢ج شارع ٢٧ محليه ١٢ الحي الاول مدينه العبور | L26: لايوجد | M26: حصلت علي ٣ ميداليات ذهبيه واحده برونز في جمباز الايروبيك و بتحب الرسم
A27: 45703.543 | B27: salwamagmou3a@gmail.com | C27: ملك محمد ابراهيم سعد الدين | D27: malak mohamed ibrahim saad el dein | E27: الثالث الابتدائي | F27: 42046 | G27: die | H27: Merchandiser | I27: 01027734459 | J27: 01027734457 | K27: 132B first district mahaliya 8 abour city | L27: no | M27: basketball
A28: 45703.543 | B28: yarashalash@gmail.com | C28: مليكة ضياء الدين محمود عبد العزيز | D28: Maleeka Diaa Eldeen Mahmoud Abdelaziz | E28: الاول الابتدائي | F28: 43075 | G28: ضابط شرطة | H28: صيدلانية | I28: 01144170457 | J28: 01112975553 | K28: الحي الاول-محلية ١٢-٤٨ ش سلمان فارسي-مدينه العبور | L28: لا يوجد | M28: الرسم-التفاوض-توزيع المهام-العمل في فريق-الادارة الجيدة
A29: 45703.544 | B29: mariam.mokhles89@gmail.com | C29: سيلينا جوزيف جمال أمين | D29: Celina Joseph gamal amen | E29: الاول الابتدائي | F29: 42690 | G29: دكتور علاج طبيعى | H29: دكتورة علاج طبيعى | I29: 01228346734 | J29: 01287328606 | K29: مدينة المستقبل طريق مصر الإسماعيلية الصحراوى. قطاع اليو عمارة ٢٤ الدور الأول شقة ١٣ | L29: لا يوجد الحمد الله | M29: التلوين والرسم
A30: 45703.544 | B30: basmarefaat305@gmail.com | C30: فريدة محمد القصبي | D30: Farida Mohamed Qasby | E30: الاول الابتدائي | F30: 42923 | G30: ظابط | H30: دكتورة | I30: 01010105752 | J30: 01029755557 | K30: مدينة مستقبل الهابكستب عمارة ٤٢٨ شقة ٦٢ | L30: لا يوجد | M30: اسكواش وسباحة ورسم
A31: 45703.545 | B31: christinagamal367@gmail.com | C31: ماريتسيا سامح بطرس عبدالله | D31: Maritsia sameh botros Abdulla | E31: الرابع الابتدائي | F31: 41579 | G31: مهندس | H31: مدرسه | I31: 01227656913 | J31: 01098550901 | K31: العبور الجديدة حى الكرامه ع 203 ش 11 | L31: لا يوجد | M31: رسم وعمل مجسمات اعمال فنيه ولعب كره السله
... A36: 45703.554 | B36: mira.m.mansour@gmail.com | C36: لورين خالد علي علي | D36: Lauren khaled ali ali | E36: الثاني الابتدائي | F36: 42350 | G36: لواء شرطه | H36: استشاري في الاتفاقيات التجاري الدوليه بالهيئة العامة للرقابه علي الصادرات | I36: 010 | J36: 01282633328 | K36: مدينه العبور الحى السابع شارع الشهيد بدر رخا مربع 15035 فيلا 14 | L36: لا يوجد | M36: رياضيه جدا
A37: 45703.555 | B37: marim.shehata1990@gmail.com | C37: كارلا ناروز موريس سمير | D37: Carla narouz mories | E37: الاول الابتدائي | F37: 42963 | G37: صاحب شركه الترا للمقاولات | H37: معلمه | I37: 1280444102 | J37: 01285521965 | K37: كمبوند سكن مصر العبور الجديده عماره 16 | L37: لا | M37: التلوين ورياضه الجمباز والابتكار
A38: 45703.558 | B38: doaamosaadaboatallah42@gmail.com | C38: ريم ايهاب اسماعيل ممدوح | D38: Reem Ehab Ismail madouh | E38: الاول الاعدادي | F38: 40606 | G38: محاسب | H38: محاسبه | I38: 1001390610 | J38: 1097908246 | K38: مدينه العبور الحي الثالث شارع الشهيد سعد عطا عماره رقم ١ علي اليمين الدور التاني شقه ٦ | L38: لايوجد | M38: التلوين
A39: 45703.558 | B39: mahamema649@gmail.com | C39: لارا محمود مصطفى احمد | D39: Lara Mahmoud mostafa ahmed | E39: الاول الابتدائي | F39: 42758 | G39: ظابط شرطه | H39: لا تعمل | I39: 01221377617 | J39: 1123262231 | K39: العبور الحي السابع بلوك ١٥٠٩١ فيلا ١٣ بجوار مسجد الشيخ ايمن | L39: لا | M39: لا
A40: 45703.559 | B40: maggy.nabil87@gmail.com | C40: يوستينا جورج عادل ادوار | D40: Youstina George Adel Edwar | E40: الاول الابتدائي | F40: 43002 | G40: محاسب | H40: طبيبة بيطريه | I40: 01005656568 | J40: 01225656567 | K40: بلوك ١٦٠٧٩ قطعه خامسه ، الحى الخامس ، العبور | L40: لا يوجد | M40: الاعمال اليدويه و الغناء بالكورال
A41: 45703.559 | B41: ashraf_ashi@hotmail.com | C41: فريده اشرف حامد محمود الكيلاني | D41: Farida Ashraf Hamed Mahmoud El-kelany | E41: الثاني الابتدائي | F41: 42302 | G41: محاسب | H41: دكتور تحاليل | I41: 01006044211 | J41: 01069618951 | K41: مدينة العبور الحي التاني محلية ٣٤ ج شارع ١٦قطعه ٧٩ | L41: لايوجد | M41: الرسم
A42: 45703.559 | B42: menna.magdy.87.83@gmail.com | C42: سدرة مصطفى أحمد الصاوي | D42: Sedra Mostafa Ahmed el Sawy | E42: الثاني الابتدائي | F42: 42406 | G42: رئيس نيابة إدارية | H42: ربة منزل | I42: 01113467895 | J42: 01111656908 | K42: العبور الحى التاسع كمبوند دار مصر المرحله الثانيه عماره ٤٥ الدور الأرضى شقه ٢ | L42: لا يوجد | M42: الرسم التمثيل الأعمال اليدوية ممارسه رياضه الجمباز الإيقاعي
A43: 45703.563 | B43: dalashker82@gmail.com | C43: تاليه عماد صابر الشامي | D43: Talia emad saber elshamy | E43: الثالث الابتدائي | F43: 38268 | G43: ضابط يالقوات الجويه | H43: مديرة مرحله في مدرسه مودرن افينيو | I43: 1006069764 | J43: 1003500659 | K43: مدينه العبور الحي التاسع شارع سليمان نجيب ١٨٠٢٢ قطعه ٨ الدور الارضي | L43: لا يوجد | M43: الرسم
A44: 45703.564 | B44: kokomamy2008@gmail.com | C44: مابيل صموئيل بشري أيوب | D44: Mabelle Samuel Boshra Ayoub | E44: الثاني الابتدائي | F44: 42318 | G44: IT manager at EKB brokerage company | H44: Sales manager at delta life Assurance | I44: 01201440143 | J44: 01006887696 | K44: ڤيلا 6 مربع 15043 شارع حسن مأمون الحي السابع مدينة العبور | L44: لا يوجد | M44: الرسم والأعمال الفنية
A45: 45703.565 | B45: hedy.karim.essam.mohamed@saint-joseph-school.com | C45: هيدي كريم عصام محمد | D45: Hedy Karim Essam Mohammed | E45: الثاني الابتدائي | F45: 42414 | G45: Broker in Egyptian stock | H45: Housewife | I45: 01120055522 | J45: 01102118835 | K45: 18045 villa 14 Zakria ahmed st, 9th district, obour city | L45: No | M45: الرياضه ، حب التنسيق بين الالوان ودمجها، قراءه القصص بالانجلش والعربي
A46: 45703.566 | B46: marinamagdi26@gmail.com | C46: ميراي بيتر نبيل ثابت | D46: Meraie Peter Nabil Thabet | E46: الثاني الابتدائي | F46: 42533 | G46: Business man | H46: House wife | I46: 01220222288 | J46: 01008499460 | K46: 12 سكن مصر العبور الجديده شقة 15 | L46: لايوجد | M46: الرسم ، التلوين ،الموسيقي، التنس ،السباحة
A47: 45703.568 | B47: dina.asp.portal@gmail.com | C47: جودي محمد طلعت | D47: Jodie mohamed talaat | E47: السادس الابتدائي | F47: 40986 | G47: مهندس | H47: مهندسة | I47: 01000072045 | J47: 01281230030 | K47: مدينه العبور الحي السادس بلوك 14049 فيلا 17 | L47: لا يوجد | M47: كرة باسكت و برمجة
A48: 45703.57 | B48: mohamadtalaat@gmail.com | C48: مريم محمد طلعت | D48: Mariam mohamed Talaat | E48: الثالث الابتدائي | F48: 41998 | G48: مهندس | H48: مهندسة | I48: 01000072045 | J48: 01281230030 | K48: مدينه العبور الحي السادس بلوك ١٤٠٤٩ فيلا ١٧ | L48: لا يوجد | M48: باليه و رسم
A49: 45703.571 | B49: laila.ehab.kamel.ameen@saint-joseph-school.com | C49: ليلي ايهاب كامل امين | D49: Laila Ehab kamel amin | E49: الثالث الابتدائي | F49: 42268 | G49: مدير في قناة cbc | H49: عضو مجلس نواب | I49: 01118884006 | J49: 01061992551 | K49: مدينة العبور الحي السادس شارع محمد حامد الشريف بلوك ١٤٠٠٢ فيلا ٥ | L49: لا يوجد | M49: الرسم / السباحة / الباليه
A50: 45703.574 | B50: nancy4maher86@gmail.com | C50: هيفين ماهر عادل عدلي | D50: Heaven Maher Adel Adly | E50: الاول الابتدائي | F50: 42770 | G50: طبيب عظام | H50: اخصائيه اجتماعيه في التربيه والتعليم | I50: 01273248528 | J50: 01275810960 | K50: كمبوند دار مصر مرحله اولي عماره ٢٦ شقه ٢٤ موقع ١ العبور | L50: لا يوجد | M50: الرسم
A51: 45703.579 | B51: elshaimaamagdy@gmail.com | C51: چوري خالد عبد الفضيل محمود | D51: Joury Khaled Abd El-Fadeel Mahmoud | E51: الثالث الابتدائي | F51: 42019 | G51: مدير مالي لدي مصنع الشروق للبلاستيك | H51: لا تعمل | I51: 01009267070 | J51: 01009276060 | K51: شارع 50 اسكان الشباب 100 متر عمارة 385 الدور 4 شقة 7 مدينة العبور | L51: حساسية جيوب انفية | M51: تجيد الرسم والرقص و الالقاء
A52: 45703.58 | B52: diana.melad88@gmail.com | C52: Jacenta Bassem Mounir Shenouda | D52: Jacenta | E52: الثالث الابتدائي | F52: 41961 | G52: Account manager | H52: ENGINEER | I52: 01004010309 | J52: 01094683336 | K52: المستثمر الصغير خلف مدرسة القديس يوسف عمارة ١١ شقة ٧ | L52: No | M52: Hand craft, drawing and acting
A53: 45703.582 | B53: menna.joo@gmail.com | C53: ليلى كريم محمد يوسف | D53: Layla karim mohmed yousif | E53: الثاني الابتدائي | F53: 42406 | G53: Area manager at oriantel weavers | H53: Sales | I53: 01001667803 | J53: 01064940544 | K53: نزهه العبور الحى التامن مدينه العبور مربع ٨٠١٤ عماره البسمله | L53: لا يوجد | M53: Skating&design
A54: 45703.583 | B54: sameh.rozan81@gmail.com | C54: روزان سامح يوسف محمود يوسف | D54: Rozan sameh youssef mahmoud youssef | E54: الثالث الابتدائي | F54: 42012 | G54: financial Manager | H54: assistant lecture at Ain shams university | I54: 01001355892 | J54: 01061706032 | K54: محليه 34 الحي الثانى مدينه العبور امام سنترال العبور - عماره 107 | L54: لا | M54: الموسيقى والرسم والتلوين
A55: 45703.583 | B55: youstenaadel2020@gmail.com | C55: لياندرا نبيل عريان فانوس | D55: Leandra Nabil Erian Fanous | E55: الثاني الابتدائي | F55: 42418 | G55: منسق موارد بشرية | H55: ربة منزل | I55: 01282332029 | J55: 01221063631 | K55: 2 شارع على الشيمى عزبة النخل | L55: لا توجد | M55: الغناء والتمثيل والرسم
... A57: 45703.585 | B57: mennayasser.pharmacist@gmail.com | C57: ليلي محمد علاء محمد | D57: Laila Mohamed Alaa Mohamed | E57: الثالث الابتدائي | F57: 42482 | G57: صيدلي | H57: صيدلانية | I57: 01227928433 | J57: 01008876761 | K57: كمبوند جنة مصر - الحي الثاني - شارع احمد ابن طولون - مدينة العبور - عمارة ٨ شقة ٩ | L57: لا يوجد | M57: Drawing . Painting . Dancing. Swimming.
A58: 45703.587 | B58: 5727as@gmail.com | C58: دميانه مرقس عياد عدلي جرجس | D58: Demiana marcos ayad adly | E58: الثاني الابتدائي | F58: 42391 | G58: صاحب عياد للتوريدات | H58: لا | I58: 1206163247 | J58: 1206163248 | K58: ٩فاطمه الزهراء الاسكان العائلي الحي التاني العبور | L58: جيوب انفيه | M58: الرسم والتلوين الأعمال الفنيه
A59: 45703.592 | B59: eng.maryam2011@gmail.com | C59: ميليندا منير ممتاز عزيز | D59: Melinda Mounir Momtaz Aziz | E59: الثالث الابتدائي | F59: 42162 | G59: مدير حسابات في شركة ترافكو للسياحة | H59: مهندسة | I59: 01229092478 | J59: 01287049828 | K59: زهراء مدينة نصر شارع العيادة عمارة ١٠٦٧ الدور الرابع | L59: لا يوجد | M59: السباحة والرسم والجمباز
A60: 45703.593 | B60: marwaaboelez82@gmail.com | C60: نور محمود احمد الهادي | D60: Nour Mahmoued Ahmed alhady | E60: الثالث الابتدائي | F60: 41969 | G60: باحث وزاره الداخليه | H60: ماجستير في التربيه الخاصه | I60: ‭0 109 9737861‬ | J60: 01227895934 | K60: العبور الحي الاول محليه 6 شارع 20 قطعه 22 | L60: لا | M60: الرسم
A61: 45703.593 | B61: reemderbalah89@gmail.com | C61: مريم احمد عبد المرضي حسن احمد شادى | D61: Mariam Ahmed Abdelmordy Hassan Ahmed | E61: الثاني الابتدائي | F61: 42710 | G61: مقدم اركان حرب بالقوات المسلحة | H61: ربة منزل | I61: 01008278483 | J61: 01003327117 | K61: مدينة المستقبل للقوات المسلحة عمارة ٨٠٥ شقة ٢٢ على الشارع الرئيسي لل ٨٠٠ | L61: حساسية صدر | M61: الرسم والاوكروبات
A62: 45703.597 | B62: beshoymesad1@gmail.com | C62: بربتوا بشوي مسعد داوود | D62: Prepress Bishoy Mossad Dawood | E62: الخامس الابتدائي | F62: 41273 | G62: مدير حسابات بشركه Mcv | H62: اخصائي تحاليل طبيه | I62: 01221853444 | J62: 01207753036 | K62: 2 ش الزيتون حدائق الزيتون | L62: لا يوجد | M62: الجمباز
A63: 45703.604 | B63: nohalenovo2017@gmail.com | C63: فريده حسام الدين صلاح عبدالعليم | D63: Farida hossam eldin salah abd elaleem | E63: الثاني الابتدائي | F63: 42333 | G63: متوفي | H63: مديرة تسويق | I63: 01141913535 | J63: 01006555870 | K63: فيلا ١٠ مربع ١٥٠٣٢ الحي السابع العبور خلف مدرسة الكونتننتال شارع اللواء منير شاش | L63: لا يوجد | M63: الرسم
A64: 45706.64 | B64: kyan.kady44@gmail.com | C64: كادى إسلام محمود إبراهيم | D64: Kady Eslam Mahmoud Ibrahim | E64: الثاني الابتدائي | F64: 42404 | G64: مدير مبيعات | H64: HR | I64: 01288846421 | J64: 01008459031 | K64: اخر ش ابن سينا متفرع من جمال عبد الناصر جسر السويس القاهرة | L64: لا يوجد | M64: الرقص و الفناء
A65: 45703.619 | B65: nourans717@gmail.com | C65: ليان امير محمد عطيه | D65: Layan Amir Mohamed attia | E65: الاول الابتدائي | F65: 42771 | G65: Owner of general supplies company | H65: QA manager at jedco international for pharmaceutical | I65: 01005453017 | J65: 01097761624 | K65: شارع الثقافة الحي التاسع العبور | L65: لا يوجد | M65: الرقص الغناء الرسم
A66: 45703.619 | B66: andromemo40@gmail.com | C66: جوليانا اندرو القس جبرائيل نبيل | D66: Juliana Andro Elkees Gabriel | E66: الاول الابتدائي | F66: 42859 | G66: ادارة مخازن | H66: حاصلةعلي ليسانس السن الماني | I66: 01208259288 | J66: 01288857067 | K66: فيلا ٢ محلية ٣٤الحي الثاني العبور | L66: لا | M66: الرسم
A67: 45703.621 | B67: hudamahros35@gmail.com | C67: ليان احمد راضي عباس | D67: Layan ahmed rady abbas | E67: الثاني الابتدائي | F67: 42340 | G67: مدير شركه عقارات | H67: مصوره | I67: 01012001914 | J67: 01098476907 | K67: العبور الحي التاسع شارع الثقافه ميدان نور الهدي عماره ١٨ قطعه ١٨٠٧٠ الارضي شقه ٢ | L67: لا | M67: الرسم الباتيناج السباحه Diy crafts
A68: 45703.623 | B68: sherry.gad.sg@gmail.com | C68: سلمى محمد مصطفى مهدى | D68: Salma Mohamed Mostafa Mahdy | E68: الاول الابتدائي | F68: 42319 | G68: ضابط حركة وكالة | H68: مدرسة انجليش | I68: 01120767600 | J68: 01120767600 | K68: ٦ ش احمد عبد الله التجاريين ..امام مسجد الهدى والنور جسر السويس | L68: الام | M68: الرسم ..الرياضية .. التمثيل
A69: 45703.638 | B69: trezaromany1987@gmail.com | C69: منريت هاني سعيد فهمي | D69: Menrit Hany Said Fahmy | E69: السادس الابتدائي | F69: 40898 | G69: مهندس | H69: مدرسة | I69: 1222622247 | J69: 1205168859 | K69: العبور الحي التاني بلوك ٢٠٠٨ فيلا ٣ أمام مساكن الطيران | L69: لا يوجد | M69: الرسم
A70: 45703.64 | B70: zeinamsh5@gmail.com | C70: زينه محمد عبدالحكيم شلبي | D70: Zeina Mohamed Abdel Hakim shalaby | E70: السادس الابتدائي | F70: 41104 | G70: طيار | H70: صيدلانيه | I70: 1142173920 | J70: 1284336772 | K70: مدينه العبور الحي الثامن كمبوند زهره العبور عماره اربعه | L70: لا يوجد | M70: القدره على الاجتماع مع الآخرين لفتره طويله (شخصيه قيادية و اجتماعية)
A71: 45703.641 | B71: mayada.m.mostafa@gmail.com | C71: سما حازم سيد محمد | D71: Sama Hazem Sayed Mohamed | E71: الخامس الابتدائي | F71: 41432 | G71: مهندس ميكانيكا | H71: مدير ادارة بالشركة الوطنية لخدمات الملاحة الجوية بوزارة الطيران المدني | I71: 01119933325 | J71: 01062624096 | K71: ٣ محور طه حسين النزهة الجديدة القاهرة | L71: لا يوجد | M71: الرسم
A72: 45703.643 | B72: talia29989@gmail.com | C72: تاليا شريف ممدوح متولي | D72: Talia sherif mamdouh metwali | E72: الثاني الابتدائي | F72: 42334 | G72: مهندس معماري | H72: ربه منزل | I72: 01013708926 | J72: 01002776374 | K72: شارع نعمان جمعه عماره ١١٩ الحي التاني امام مستشفي عين شمس التخصصي | L72: لا يوجد | M72: التمثيل
A73: 45703.644 | B73: marian.m.wahib@gmail.com | C73: مارلي مينا نادي شوقي | D73: Marly Mina Nady shawky | E73: الاول الابتدائي | F73: 42681 | G73: Pharmaciset | H73: Accountant | I73: 01286338454 | J73: 01223839456 | K73: نزهه العبور مربع ٨٠٠١٢ عماره ٥ النصر الحي التامن | L73: لا يوجد | M73: Drawing and music
A74: 45703.644 | B74: ng.elkady@gmail.com | C74: لانا بهي الدين عمر أحمد | D74: Lana Bahi Eldin Omar Ahmed | E74: الخامس الابتدائي | F74: 41302 | G74: محاسب | H74: محاسبة | I74: 01005254506 | J74: 01023808000 | K74: عمارة ٢٠ ش عقلة بن نافع - الحي الثالث - العبور | L74: لا يوجد أمراض مزمنة | M74: تمثيل - skating
A75: 45703.646 | B75: merododo1115@gmail.com | C75: يوأنا عادل عاطف زكي | D75: Youanna adel atef zaki | E75: الثالث الابتدائي | F75: 42207 | G75: مصمم عرض بالسعودية | H75: Housewife | I75: 0122 3038705 | J75: 01276539993 | K75: 7 عمارات الرقابة الادارية الحي الثامن مدينة نصر | L75: لا يوجد | M75: الرس
A76: 45703.647 | B76: rasha.mourice2022@gmail.com | C76: يؤانا بيتر ميشيل نسيم | D76: Youana peter micheal nesem | E76: الخامس الابتدائي | F76: 41272 | G76: مدير مالي | H76: ربة منزل | I76: 01225813027 | J76: 01282219205 | K76: العبور الحي السادس قطعة ١٤٠٢٨ فيلا ١٥ | L76: لا يوجد | M76: الرياضة
A77: 45703.648 | B77: heaven.mina.oppo@gmail.com | C77: هيڤن مينا اديب اسحق | D77: Heaven Mina Adeeb Eshak | E77: السادس الابتدائي | F77: 40857 | G77: مصمم جرافيك | H77: مسئولة الحسابات بمدرسة القديس يوسف | I77: 01220077315 | J77: 01280708844 | K77: فيلا ١١ بلوك 28038 ش | L77: لا يوجد | M77: السباحة والجري
A78: 45703.652 | B78: judybodysalma@gmail.com | C78: جودى محمد فتحى السيد السيد | D78: Judy Mohamed Fathy elsaid | E78: السادس الابتدائي | F78: 40937 | G78: مدير مشروع | H78: ربع منزل | I78: 01065540634 | J78: 01097885039 | K78: العبور الحى التانى عمارات المستثمر الصغير عماره رقم ٣٦ خلف مسجد الفتاح العليم شقه رقم ٥ الدور الاول علوى | L78: لا يوجد | M78: الرسم
A79: 45703.656 | B79: joniermedhat4@gmail.com | C79: جونير مدحت منير شفيق | D79: Jonier medhat Mounir shafiq | E79: الثاني الاعدادي | F79: 40851 | G79: صيدلي | H79: دكتورة | I79: 01279670775 | J79: 01148793493 | K79: الخير الثاني أمام البوابة الخلفي لمدرسة استانفرورد | L79: لا | M79: تمثيل
A80: 45703.66 | B80: mira.mahmoud1983@gmail.com | C80: ميرل محمود صالح حسن | D80: Mira Mahmoud Saleh Hassan | E80: الثاني الاعدادي | F80: 40271 | G80: محاسب | H80: ربة منزل | I80: 0100 915 5158 | J80: 0112 560 0079 | K80: الحي الرابع خط عشرة امام بوابة ٧ | L80: لا يوجد | M80: رسم
A81: 45703.667 | B81: bassant.elasfr24@gmail.com | C81: بسنت احمد محمود محمد | D81: Bassant Ahmed Mahmoud Mohamad | E81: الاول الاعدادي | F81: 40855 | G81: ضابط | H81: ربة منزل | I81: 01000844007 | J81: 01066307888 | K81: الحي الأول محلية ٦ | L81: لا يوجد | M81: الرسم و الفن الاورجامي
A82: 45703.668 | B82: mariamyoussef5m@gmail.com | C82: بارثينيا اشعياء صدقي سامي | D82: Parthenia Ashiaa sedky samy | E82: الثالث الابتدائي | F82: 42021 | G82: محاسب | H82: ربه منزل | I82: 01220886867 | J82: 01273740016 | K82: دار مصر التاسع عمارة ٩موقع ١ العبور | L82: لا | M82: التمثيل
... A84: 45703.671 | B84: maryayoub60@gmail.com | C84: مانويلا أيوب خلف ايوب | D84: Manuella Ayoub Khalaf Ayoub | E84: الاول الاعدادي | F84: 40747 | G84: صاحب شركة اثاث مكتبى | H84: محاسبة | I84: 01227160668 | J84: 01279616006 | K84: 27شارع فاطمة الزهراء امام كنيسة ماربولس العبور الحى الثانى | L84: لا يوجد | M84: سباحة
A85: 45703.675 | B85: hany_said1977@yahoo.com | C85: ميراي هاني سعيد فهمى | D85: Mireille Hany Said Fahmy | E85: الثالث الابتدائي | F85: 41987 | G85: مهندس | H85: مدرسة | I85: 1222622247 | J85: 1205168859 | K85: العبور الحي الثاني بلوك ٢٠٠٨ فيلا ٣ | L85: لا يوجد | M85: التمثيل
A86: 45703.675 | B86: maloky.maloky2020@gmail.com | C86: ملك محمد جمال سعد | D86: Malak Mohamed Gamal saad | E86: السادس الابتدائي | F86: 40918 | G86: مهندس | H86: أدمن | I86: 1281000380 | J86: 1095944380 | K86: عماره ١ ش عقبه بن نافع الحي الثالث بجوار صينية الروضه مدينة العبور . الدور الثاني شقة ١٣ | L86: لا يوجد | M86: القراءة والرسم
A87: 45703.677 | B87: jacklienfathi@gmail.com | C87: جوفيسكيا فيكتور بخيت خليل | D87: Jovesskia victor bekhet khalil | E87: الخامس الابتدائي | F87: 41343 | G87: صيدلي حر | H87: صيدلانية حرة | I87: 01227589311 | J87: 01228683202 | K87: 9 st Ali sabra from abo khalel el bana ezbet el nakhl el gharbya | L87: لا يوجد | M87: لاعبة جمباز -تحب الطبخ - تهوي التنظيم
A88: 45703.681 | B88: joanna.jan6813@gmail.com | C88: جوانا جان جمال زكري | D88: Joanna Jan gamal zikry | E88: الخامس الابتدائي | F88: 41492 | G88: IT manager St. joseph school | H88: English teacher | I88: 01003634538 | J88: 01011512208 | K88: الحي الثامن عمارة ٣٠شقة ١٩ مدينة العبور | L88: لا يوجد | M88: الرسم - عمل قصص
A89: 45703.681 | B89: nermine.osman1982@gmail.com | C89: ريناد أحمد رشاد عبد الحميد | D89: Renad Ahmed Rashad AbdElhamid | E89: الثالث الابتدائي | F89: 42037 | G89: Accounting manager | H89: Logistics manager | I89: 01227377123 | J89: 01227377124 | K89: الحي الثامن الاسكان العائلي فيلا ٢٠ قطعة ١٧٠٢٢ | L89: لا يوجد | M89: لعب كره السله والسباحة والرسم و التلوين
A90: 45703.686 | B90: nadin.ahmed.ibrahim.abd.el.roof@saint-joseph-school.com | C90: نادين احمد ابراهيم عبدالروؤف | D90: Nadine Ahmed Ibrahim Abd elraouf | E90: الاول الابتدائي | F90: 42927 | G90: ضابط بالقوات المسلحه | H90: بكالوريوس تربيه فنيه | I90: 1095980767 | J90: 1091718125 | K90: مدينه المستقبل عماره ٧٦٩شقه١١ | L90: لايوجد | M90: الطبخ والرسم
A91: 45703.687 | B91: dianasafwat2005@gmail.com | C91: آن ايهاب ناثان الفي | D91: Ann Ehab Nathan Alfy | E91: الخامس الابتدائي | F91: 41290 | G91: استشاري امراض النساء و التوليد و علاج العقم | H91: صيدلانيه | I91: 01223496687 | J91: 01271492000 | K91: مساكن شيراتون مصر الجديده مربع ١١٣٨ الوزراء عماره رقم ١ | L91: لا يوجد | M91: لاعبه تنس ارضي و كوره قدم و تلعب علي آله الدرامز
A92: 45703.689 | B92: asmaa.zaied@miuegypt.edu.eg | C92: نور محمد أبو الفضل عبد الدايم | D92: Nour Mohamed Abu El fadl Abd el dayem | E92: الاول الابتدائي | F92: 42702 | G92: صحفي | H92: صحفية | I92: 1093005681 | J92: 1030320093 | K92: مدينة المستقبل ـ الشروق ـ طريق مصر الاسماعيليه الصحراوي | L92: لا يوجد | M92: Play volleyball - Dancing - drawing - painting
A93: 45703.69 | B93: monaelarby80@gmail.com | C93: كنزي حاتم محمد الصاوي يحي | D93: Kenzy Hatem mohamed | E93: الثاني الابتدائي | F93: 45671 | G93: محاسب قانوني | H93: محاميه | I93: 1224445917 | J93: 1234446917 | K93: العبور الحي السابع فيلا ١٣ بلوك ١٥٠١٧ | L93: لا يوجد | M93: متنوع
A94: 45703.693 | B94: nonoosjoja@gmail.com | C94: خديجة محمد فاروق محمود | D94: Khadija Mohamed Farouk | E94: الثالث الابتدائي | F94: 42129 | G94: محاسب قانونى | H94: ربة منزل | I94: 01223512238 | J94: 01001445513 | K94: كومبوند دار مصر العبور عمارة ٩٤ شقة ٦ مرحلة تانية | L94: لا يوجد | M94: الرسم
A95: 45703.704 | B95: juniermichellef42012@gmail.com | C95: جونير ميشيل فؤاد كامل | D95: Junier michelle fouad kamel | E95: السادس الابتدائي | F95: 41009 | G95: دكتور صيدلي | H95: مضيفة ارضية بشركة مصر للطيران | I95: 1069994401 | J95: 1552638318 | K95: فيلا ٦٥ شارع ١٩ متفرع من فاطمة الزهراء الحي الثاني العائلي مدينة العبور | L95: لا يوجد | M95: لاعبة جمباز وعازفة فلوت
A96: 45703.705 | B96: samar.zied@gmail.com | C96: جويريه احمد حسين مصطفي | D96: Jwayria Ahmed Hussein Mostfa | E96: الثالث الابتدائي | F96: 42000 | G96: مدير فرع في شركه اتصالات | H96: لا تعمل | I96: 01116006004 | J96: 01144400008 | K96: العبور الجديده حي المجد عماره ٣٩٤ شقه ٢٢ | L96: لا | M96: غناء رقص قراءه الكتابه
A97: 45703.707 | B97: joyce.michelle92014@gmail.com | C97: جويس ميشيل فؤاد كامل | D97: Joyce michelle fouad kamel | E97: الرابع الابتدائي | F97: 41907 | G97: دكتور صيدلي | H97: مضيفة ارضية بشركة مصر للطيران | I97: 1069994401 | J97: 1552638318 | K97: فيلا ٦٥ شارع ١٩ متفرع من فاطمة الزهراء الحي الثاني العائلي مدينة العبور | L97: لايوجد | M97: لاعبة جمباز والرسم
A98: 45703.71 | B98: hanashady2012@gmail.com | C98: هنا شادى محمد محمد | D98: Hana shady Mohamed Mohamed | E98: السادس الابتدائي | F98: 40918 | G98: مدير مالى | H98: مدير مبيعات | I98: 01002129670 | J98: 01006390599 | K98: العبور الحى التاسع شارع صنع الله إبراهيم بلوك ١٨٠١٤ عمارة ١٨ | L98: لا يوجد | M98: الرسم
A99: 45703.725 | B99: gaidorona@gmail.com | C99: سلاف أحمد محمد محمود رزق | D99: Sulaf Ahmed Mohamed Mahmoud Rizk | E99: الاول الابتدائي | F99: 42712 | G99: مدير حسابات | H99: معلمة لغة انجليزية | I99: 01221649015 | J99: 01111191403 | K99: 119 حي الكرامة العبور الجديدة بجوار مول الكرامة | L99: لا يوجد | M99: الرسم و التلوين و تاليف القصص
A100: 45703.73 | B100: sheryadeldaoud@gmail.com | C100: چوي چورچ فهيم ذكي | D100: Joy George Faheem Zaki | E100: الرابع الابتدائي | F100: 41655 | G100: مهندس ميكانيكا | H100: معلمة ذوي احتياجات خاصة | I100: 01280811711 | J100: 01281033000 | K100: ڤيلا ١٢ بلوك ١٩٠١٧ بجوار مسجد الأمين علي خط عشرة الحي الرابع العبور | L100: لا يوجد | M100: القراءة الرسم التلوين طبخ بعض الوجبات البسيطة
A101: 45703.74 | B101: hala3azmy2012@gmail.com | C101: ميرولا جرجس وليم عبد النور | D101: Merolla gerges william ebd elnour | E101: السادس الابتدائي | F101: 41148 | G101: صاحب شركة توريدات حاصلات زراعيه | H101: محامى بشركة مرجان للكيماويات التخصصية | I101: 01224826099 | J101: 01224974369 | K101: الحى الرابع شارع الثورة بلوك 19057 بلوك 1 | L101: حساسية بالانف | M101: الرسم والطبخ و السباحة
A102: 45703.767 | B102: miramohamedgamalibrahim@gmail.com | C102: ميريام محمد جمال الدين | D102: Meriammohamedgamallelden | E102: السادس الابتدائي | F102: 40270 | G102: رئيس محكمه استئناف شمال القاهرة | H102: مدرسة لغه فرنسيه | I102: +20 12 24433464 | J102: +20 11 25918543 | K102: العبور الحي السادس شارع الشيماء مربع 14019فيلا18 أمام مدرسه السيده خديجه | L102: لا يوجد | M102: .
A103: 45705.76 | B103: salmamohamedtag@gmail.com | C103: سلمى محمد تاج الدين عبد الحميد | D103: Salma mohamed tag elden abd elhamed | E103: الخامس الابتدائي | F103: 41346 | G103: ظابط شرطه | H103: مدرسة | I103: 1069131394 | J103: 1221107080 | K103: كمبوند بندر العبور ميدان ابن حميدو شارع الشباب العبور | L103: حساسيه | M103: الرسم و التلوين و الطبخ
A104: 45703.776 | B104: mayvenehab0@gmail.com | C104: مايفن ايهاب وديع حكيم | D104: Mayven Ehab Wadie Hakim | E104: السادس الابتدائي | F104: 40897 | G104: مدير شركه ادويه | H104: بكالوريوس تجارة | I104: 01279799777 | J104: 01224428703 | K104: 10شارع فاطمه الزهراء الحى الثانى مدينه العبور | L104: احيانا نزيف من الانف | M104: الرسم والعزف
A105: 45703.78 | B105: lucindaemad2013@gmail.com | C105: لوسيندا عماد سامي نجيب | D105: Lucinda Emad Samy Naguib | E105: الرابع الابتدائي | F105: 41593 | G105: رئيس قسم التخليص الجمركي بشركة ايفا فارما | H105: مراجع مالى بوزارة الشئون الاجتماعية | I105: 01288914452 | J105: 01223899383 | K105: الحي الثالث امام المدرسة الدولية خلف مسجد مالك الملك فيلا 3 قطعة 28010 | L105: لا يوجد | M105: الرسم
A106: 45703.783 | B106: perptwabishoy2012@gmail.com | C106: چوسيلي بشوي مسعد داوود | D106: Joselley bishoy mosaad dawood | E106: الرابع الابتدائي | F106: 41843 | G106: مدير حسابات بشركه Mcv | H106: اخصائي تحاليل طبيه | I106: 01221853444 | J106: 01207753036 | K106: 2ش الزيتون حدائق الزيتون | L106: لا يوجد | M106: الرسم
...

Sheet Stat
A1: الفصل | B1: Count | D1: المرحلة | E1: Count
A2: الاول الابتدائي | B2: =COUNTIF(DataBase[الفصل],Stat!A2) -> 0 | D2: زهرات | E2: =SUM(B2:B4) -> 56
A3: الثاني الابتدائي | B3: =COUNTIF(DataBase[الفصل],Stat!A3) -> 0 | D3: مرشدات | E3: =SUM(B5:B9) -> 215
A4: الثالث الابتدائي | B4: =COUNTIF(DataBase[الفصل],Stat!A4) -> 56 | D4: جوالة | E4: =SUM(B10:B11) -> 11
A5: الرابع الابتدائي | B5: =COUNTIF(DataBase[الفصل],Stat!A5) -> 49 | D5: Total | E5: =SUM(E2:E4) -> 282
A6: الخامس الابتدائي | B6: =COUNTIF(DataBase[الفصل],Stat!A6) -> 53 | E6: =E5-B12 -> 0
A7: السادس الابتدائي | B7: =COUNTIF(DataBase[الفصل],Stat!A7) -> 41
A8: الاول الاعدادي | B8: =COUNTIF(DataBase[الفصل],Stat!A8) -> 38
A9: الثاني الاعدادي | B9: =COUNTIF(DataBase[الفصل],Stat!A9) -> 34
A10: الثالث الاعدادي | B10: =COUNTIF(DataBase[الفصل],Stat!A10) -> 11
A11: الثانى الثانوى | B11: =COUNTIF(DataBase[الفصل],Stat!A11) -> 0
A12: Total | B12: =SUM(B2:B11) -> 282

Sheet Pivot
A3: الصف | B3: اسم الطالبة رباعيًا | C3: موبـايل الأم
A4: الاول الاعدادي | B4: بسنت احمد محمود محمد | C4: 01066307888
A5: الاول الاعدادي | B5: جويس رضا ناروز جرجس | C5: 01271066601
A6: الاول الاعدادي | B6: دارين أيمن السيد أحمد | C6: 01023692086
A7: الاول الاعدادي | B7: ريم ايهاب اسماعيل ممدوح | C7: 01097908246
A8: الاول الاعدادي | B8: ماريه محمد محمود عبد المنعم احمد محمد | C8: 01002943629
A9: الاول الاعدادي | B9: مانويلا أيوب خلف ايوب | C9: 01279616006
A10: الاول الاعدادي | B10: ميرولا يسري عبيد مكرم | C10: 01203890675
A11: الاول الاعدادي | B11: هولي هاني موريس عجيب | C11: 01226926912
A12: الثاني الاعدادي | B12: ايلاريا عادل جورج ايليا | C12: 01282222551
A13: الثاني الاعدادي | B13: جونير مدحت منير شفيق | C13: 01148793493
A14: الثاني الاعدادي | B14: روان شريف سيد نجدي | C14: 01063010830
... A28: الثالث الاعدادي | B28: ناتالي رضا ناروز جرجس | C28: 01271066601
A29: Grand Total
